namen,gerundet,cat_f,cat_d
Scuol,-3463,Perte de,Verlust von
Glarus Süd,-2834,Perte de,Verlust von
Zernez,-374,Perte de,Verlust von
Surses,3824,Economie de,Gewinn von
Val de Bagnes,134,Economie de,Gewinn von
Lac Léman (VD),NA,NA,NA
Davos,665,Economie de,Gewinn von
Bregaglia,NA,NA,NA
Anniviers,-35,Perte de,Verlust von
Zermatt,-4234,Perte de,Verlust von
Innertkirchen,13737,Economie de,Gewinn von
Klosters,426,Economie de,Gewinn von
Verzasca,2,Economie de,Gewinn von
Evolène,158,Economie de,Gewinn von
Blenio,2284,Economie de,Gewinn von
Guttannen,1442,Economie de,Gewinn von
Val Müstair,-658,Perte de,Verlust von
Poschiavo,NA,NA,NA
Bergün Filisur,-128,Perte de,Verlust von
Lavizzara,217,Economie de,Gewinn von
Vals,NA,NA,NA
Fieschertal,-4975,Perte de,Verlust von
Muotathal,-2512,Perte de,Verlust von
Grindelwald,4246,Economie de,Gewinn von
Lumnezia,3986,Economie de,Gewinn von
Orsières,3159,Economie de,Gewinn von
Mesocco,NA,NA,NA
Lauterbrunnen,-787,Perte de,Verlust von
Bellinzona,86,Economie de,Gewinn von
Obergoms,-2222,Perte de,Verlust von
Arosa,NA,NA,NA
Glarus Nord,-284,Perte de,Verlust von
Safiental,-215,Perte de,Verlust von
Cevio,22,Economie de,Gewinn von
Valsot,-3939,Perte de,Verlust von
Naters,-669,Perte de,Verlust von
Silenen,53,Economie de,Gewinn von
Mels,-2833,Perte de,Verlust von
S-chanf,NA,NA,NA
Rheinwald,NA,NA,NA
Medel (Lucmagn),-3444,Perte de,Verlust von
Kandersteg,-352,Perte de,Verlust von
Tujetsch,-2214,Perte de,Verlust von
Ilanz/Glion,354,Economie de,Gewinn von
Faido,2888,Economie de,Gewinn von
Diemtigen,13574,Economie de,Gewinn von
Goms,-187,Perte de,Verlust von
Pfäfers,-186,Perte de,Verlust von
Reichenbach im Kandertal,15,Economie de,Gewinn von
Val-de-Travers,-1522,Perte de,Verlust von
Val-de-Ruz,-1657,Perte de,Verlust von
Lenk,1477,Economie de,Gewinn von
Saanen,14319,Economie de,Gewinn von
Pontresina,56,Economie de,Gewinn von
Château-d'Oex,1167,Economie de,Gewinn von
Bodensee (TG),NA,NA,NA
Val-de-Charmey,-4732,Perte de,Verlust von
Maggia,1874,Economie de,Gewinn von
Saas-Almagell,NA,NA,NA
Einsiedeln,NA,NA,NA
Flühli,119,Economie de,Gewinn von
Hérémence,-534,Perte de,Verlust von
Escholzmatt-Marbach,11715,Economie de,Gewinn von
Onsernone,4759,Economie de,Gewinn von
Göschenen,NA,NA,NA
Glarus,-2521,Perte de,Verlust von
Sumvitg,3649,Economie de,Gewinn von
Le Chenit,357,Economie de,Gewinn von
Wassen,5488,Economie de,Gewinn von
Serravalle,275,Economie de,Gewinn von
Breil/Brigels,3343,Economie de,Gewinn von
Bex,2747,Economie de,Gewinn von
Airolo,-2894,Perte de,Verlust von
Albula/Alvra,NA,NA,NA
Avers,NA,NA,NA
Nesslau,-1255,Perte de,Verlust von
Wolfenschiessen,1846,Economie de,Gewinn von
Kerns,-4232,Perte de,Verlust von
Zürich,-136,Perte de,Verlust von
Simplon,NA,NA,NA
Disentis/Mustér,35,Economie de,Gewinn von
Blatten,NA,NA,NA
Bourg-Saint-Pierre,NA,NA,NA
St. Niklaus,2863,Economie de,Gewinn von
Lugano,115,Economie de,Gewinn von
Adelboden,-2948,Perte de,Verlust von
Wildhaus-Alt St. Johann,-2775,Perte de,Verlust von
Riviera,233,Economie de,Gewinn von
Zwischbergen,NA,NA,NA
Nendaz,1255,Economie de,Gewinn von
Giswil,-4229,Perte de,Verlust von
Conthey,-1267,Perte de,Verlust von
Lac de Neuchâtel (NE),NA,NA,NA
Luzein,3369,Economie de,Gewinn von
Gurtnellen,5415,Economie de,Gewinn von
Unterschächen,4976,Economie de,Gewinn von
Realp,NA,NA,NA
Boltigen,13422,Economie de,Gewinn von
Sarnen,-3465,Perte de,Verlust von
Quinto,2221,Economie de,Gewinn von
Bedretto,NA,NA,NA
Flums,-1154,Perte de,Verlust von
Ferrera,NA,NA,NA
Engelberg,-4167,Perte de,Verlust von
Quarten,-1655,Perte de,Verlust von
Zweisimmen,16186,Economie de,Gewinn von
Frutigen,145,Economie de,Gewinn von
Haute-Sorne,11689,Economie de,Gewinn von
Savièse,-148,Perte de,Verlust von
Obersaxen Mundaun,3684,Economie de,Gewinn von
Winterthur,-2343,Perte de,Verlust von
Leukerbad,-389,Perte de,Verlust von
Plaffeien,-387,Perte de,Verlust von
Gambarogno,1466,Economie de,Gewinn von
Binn,-4638,Perte de,Verlust von
Ormont-Dessous,1965,Economie de,Gewinn von
Sils im Engadin/Segl,4943,Economie de,Gewinn von
Samedan,-1488,Perte de,Verlust von
La Punt Chamues-ch,579,Economie de,Gewinn von
Gsteig,NA,NA,NA
Andermatt,NA,NA,NA
Trub,1149,Economie de,Gewinn von
Acquarossa,4757,Economie de,Gewinn von
Clos du Doubs,1155,Economie de,Gewinn von
Isenthal,474,Economie de,Gewinn von
Schiers,394,Economie de,Gewinn von
Ormont-Dessus,2165,Economie de,Gewinn von
St. Stephan,15134,Economie de,Gewinn von
Eggiwil,12544,Economie de,Gewinn von
Haut-Intyamon,-366,Perte de,Verlust von
Crans-Montana,-1146,Perte de,Verlust von
Ollon,2214,Economie de,Gewinn von
Sumiswald,-3895,Perte de,Verlust von
Erstfeld,256,Economie de,Gewinn von
Biasca,23,Economie de,Gewinn von
Rossa,NA,NA,NA
Täsch,-1283,Perte de,Verlust von
Grengiols,-319,Perte de,Verlust von
Lauenen,14782,Economie de,Gewinn von
Liddes,862,Economie de,Gewinn von
Schwende,-427,Perte de,Verlust von
Sachseln,-4227,Perte de,Verlust von
Rüschegg,12568,Economie de,Gewinn von
Zuoz,543,Economie de,Gewinn von
Alpnach,-4637,Perte de,Verlust von
Samnaun,NA,NA,NA
Entlebuch,1962,Economie de,Gewinn von
Zürichsee (ZH),NA,NA,NA
La Chaux-de-Fonds,-329,Perte de,Verlust von
Sigriswil,1379,Economie de,Gewinn von
Ayent,936,Economie de,Gewinn von
Jaun,-3647,Perte de,Verlust von
Leuk,-4176,Perte de,Verlust von
Guggisberg,12369,Economie de,Gewinn von
Eschenbach (SG),-1458,Perte de,Verlust von
Grabs,235,Economie de,Gewinn von
Randa,NA,NA,NA
Chur,-1788,Perte de,Verlust von
Estavayer,-477,Perte de,Verlust von
Muntogna da Schons,NA,NA,NA
Salvan,397,Economie de,Gewinn von
Centovalli,1793,Economie de,Gewinn von
Schwyz,-1914,Perte de,Verlust von
Bürglen (UR),4757,Economie de,Gewinn von
Trun,353,Economie de,Gewinn von
Arzier-Le Muids,8,Economie de,Gewinn von
Visperterminen,NA,NA,NA
Bern,-2545,Perte de,Verlust von
Wattwil,-1578,Perte de,Verlust von
Köniz,11843,Economie de,Gewinn von
Habkern,129,Economie de,Gewinn von
Lostallo,NA,NA,NA
Mosnang,-184,Perte de,Verlust von
Flims,NA,NA,NA
Oberems,-4334,Perte de,Verlust von
Innerthal,-3443,Perte de,Verlust von
Seewis im Prättigau,3397,Economie de,Gewinn von
Neckertal,-13,Perte de,Verlust von
Walenstadt,-147,Perte de,Verlust von
Rougemont,967,Economie de,Gewinn von
Churwalden,-2539,Perte de,Verlust von
Arth,-349,Perte de,Verlust von
Langnau im Emmental,11356,Economie de,Gewinn von
Urnäsch,-1656,Perte de,Verlust von
Evionnaz,46,Economie de,Gewinn von
Brienz (BE),-198,Perte de,Verlust von
Châtel-Saint-Denis,-3867,Perte de,Verlust von
Thunersee,NA,NA,NA
Amden,-2748,Perte de,Verlust von
Ried-Brig,-445,Perte de,Verlust von
Willisau,1426,Economie de,Gewinn von
Trin,NA,NA,NA
Attinghausen,4992,Economie de,Gewinn von
Val Terbi,1176,Economie de,Gewinn von
Bodensee (SG),NA,NA,NA
Lungern,-417,Perte de,Verlust von
Unteriberg,-1945,Perte de,Verlust von
Soazza,NA,NA,NA
Andeer,NA,NA,NA
Brusio,NA,NA,NA
Oberwil im Simmental,NA,NA,NA
Domleschg,3855,Economie de,Gewinn von
Ruswil,1627,Economie de,Gewinn von
Schwarzenburg,11899,Economie de,Gewinn von
Silvaplana,559,Economie de,Gewinn von
Ebnat-Kappel,-1647,Perte de,Verlust von
Mont-Noble,-412,Perte de,Verlust von
Campo (Vallemaggia),2146,Economie de,Gewinn von
Grüsch,3339,Economie de,Gewinn von
Trimmis,-83,Perte de,Verlust von
Kirchberg (SG),-67,Perte de,Verlust von
Vaz/Obervaz,139,Economie de,Gewinn von
Beromünster,156,Economie de,Gewinn von
La Grande Béroche,-1552,Perte de,Verlust von
Spiringen,4885,Economie de,Gewinn von
Schaffhausen,-426,Perte de,Verlust von
Trient,596,Economie de,Gewinn von
Eisten,NA,NA,NA
Fully,154,Economie de,Gewinn von
Luthern,NA,NA,NA
Calanca,NA,NA,NA
Brig-Glis,-52,Perte de,Verlust von
Martigny-Combe,2381,Economie de,Gewinn von
La Brévine,-1487,Perte de,Verlust von
Wartau,1224,Economie de,Gewinn von
Hasliberg,12497,Economie de,Gewinn von
Sennwald,269,Economie de,Gewinn von
Tafers,-4315,Perte de,Verlust von
Haute-Ajoie,11469,Economie de,Gewinn von
Rüte,-448,Perte de,Verlust von
Tamins,-152,Perte de,Verlust von
Meiringen,1736,Economie de,Gewinn von
Lac de Neuchâtel (VD),NA,NA,NA
Hasle (LU),1876,Economie de,Gewinn von
Saas-Fee,5765,Economie de,Gewinn von
Schänis,316,Economie de,Gewinn von
Sainte-Croix,-58,Perte de,Verlust von
St. Gallen,4128,Economie de,Gewinn von
Schwarzenberg,-683,Perte de,Verlust von
Val-d'Illiez,1447,Economie de,Gewinn von
Bielersee (BE),NA,NA,NA
Personico,4194,Economie de,Gewinn von
Champéry,1533,Economie de,Gewinn von
Roveredo (GR),-831,Perte de,Verlust von
Schüpfheim,1187,Economie de,Gewinn von
Romoos,1588,Economie de,Gewinn von
Lausanne,495,Economie de,Gewinn von
Saint-Martin (VS),-192,Perte de,Verlust von
Troistorrents,848,Economie de,Gewinn von
Röthenbach im Emmental,1252,Economie de,Gewinn von
Erlenbach im Simmental,1346,Economie de,Gewinn von
Schangnau,1181,Economie de,Gewinn von
Capriasca,-1913,Perte de,Verlust von
Wohlen bei Bern,11114,Economie de,Gewinn von
Gibloux,-4268,Perte de,Verlust von
Oberägeri,5711,Economie de,Gewinn von
Küssnacht (SZ),2284,Economie de,Gewinn von
Monteceneri,1246,Economie de,Gewinn von
Wädenswil,-4953,Perte de,Verlust von
Mümliswil-Ramiswil,-4938,Perte de,Verlust von
Ernen,-478,Perte de,Verlust von
Hospental,NA,NA,NA
Sion,-95,Perte de,Verlust von
Le Locle,12,Economie de,Gewinn von
Sufers,NA,NA,NA
Oberriet (SG),-442,Perte de,Verlust von
Riggisberg,1352,Economie de,Gewinn von
Turtmann-Unterems,-432,Perte de,Verlust von
Gommiswald,-376,Perte de,Verlust von
Vouvry,925,Economie de,Gewinn von
Montanaire,412,Economie de,Gewinn von
Montreux,419,Economie de,Gewinn von
Bas-Intyamon,-3747,Perte de,Verlust von
Furna,3871,Economie de,Gewinn von
Oberiberg,2659,Economie de,Gewinn von
Beckenried,NA,NA,NA
Illnau-Effretikon,NA,NA,NA
Därstetten,12855,Economie de,Gewinn von
Zug,4562,Economie de,Gewinn von
Vilters-Wangs,-274,Perte de,Verlust von
Martigny,2628,Economie de,Gewinn von
Le Lieu,3653,Economie de,Gewinn von
Chamoson,699,Economie de,Gewinn von
Maienfeld,1524,Economie de,Gewinn von
Kandergrund,14255,Economie de,Gewinn von
Mendrisio,-362,Perte de,Verlust von
Villeneuve (VD),1567,Economie de,Gewinn von
Rüeggisberg,12757,Economie de,Gewinn von
Fraubrunnen,-546,Perte de,Verlust von
L'Abbaye,383,Economie de,Gewinn von
Provence,-182,Perte de,Verlust von
Saignelégier,5885,Economie de,Gewinn von
Laax,3134,Economie de,Gewinn von
Schattenhalb,1849,Economie de,Gewinn von
Rapperswil-Jona,-428,Perte de,Verlust von
Waldkirch,-2248,Perte de,Verlust von
Hergiswil bei Willisau,NA,NA,NA
Hitzkirch,1372,Economie de,Gewinn von
Cazis,3915,Economie de,Gewinn von
Altstätten,NA,NA,NA
Luzern,3554,Economie de,Gewinn von
La Baroche,11459,Economie de,Gewinn von
Aeschi bei Spiez,1375,Economie de,Gewinn von
Horgen,-2566,Perte de,Verlust von
Düdingen,-4495,Perte de,Verlust von
Fischingen,NA,NA,NA
Raron,1448,Economie de,Gewinn von
Menznau,166,Economie de,Gewinn von
Sevelen,-2749,Perte de,Verlust von
Fischenthal,NA,NA,NA
Saas-Balen,NA,NA,NA
Neuchâtel,478,Economie de,Gewinn von
Collombey-Muraz,11,Economie de,Gewinn von
Brienzersee,NA,NA,NA
Ergisch,-444,Perte de,Verlust von
Bauma,NA,NA,NA
Semsales,-3978,Perte de,Verlust von
Beatenberg,1329,Economie de,Gewinn von
Baltschieder,722,Economie de,Gewinn von
Schübelbach,NA,NA,NA
Grono,-1195,Perte de,Verlust von
Bettmeralp,-533,Perte de,Verlust von
St. Moritz,358,Economie de,Gewinn von
Emmetten,17996,Economie de,Gewinn von
Malters,NA,NA,NA
Uster,-2186,Perte de,Verlust von
Gruyères,-3863,Perte de,Verlust von
Wynigen,1867,Economie de,Gewinn von
Vorderthal,-3399,Perte de,Verlust von
Ferden,-2219,Perte de,Verlust von
Tschiertschen-Praden,NA,NA,NA
Nods,1719,Economie de,Gewinn von
Neuenkirch,1926,Economie de,Gewinn von
Mühleberg,11262,Economie de,Gewinn von
Grenchen,-4446,Perte de,Verlust von
Montricher,1452,Economie de,Gewinn von
Jenaz,3934,Economie de,Gewinn von
Rochefort,-1614,Perte de,Verlust von
Belmont-Broye,-4699,Perte de,Verlust von
Baar,183,Economie de,Gewinn von
Les Verrières,-1383,Perte de,Verlust von
Untervaz,-781,Perte de,Verlust von
Menzingen,19,Economie de,Gewinn von
Gossau (SG),-15,Perte de,Verlust von
Frauenfeld,563,Economie de,Gewinn von
Kriens,2252,Economie de,Gewinn von
Reiden,9873,Economie de,Gewinn von
Leytron,67,Economie de,Gewinn von
Unterägeri,4877,Economie de,Gewinn von
Avegno Gordevio,1712,Economie de,Gewinn von
La Sagne,-1532,Perte de,Verlust von
Plateau de Diesse,1647,Economie de,Gewinn von
Breggia,873,Economie de,Gewinn von
Bad Ragaz,-2223,Perte de,Verlust von
Fideris,419,Economie de,Gewinn von
Weggis,972,Economie de,Gewinn von
Wald (ZH),151,Economie de,Gewinn von
Turbenthal,-4786,Perte de,Verlust von
Herisau,357,Economie de,Gewinn von
Bière,1637,Economie de,Gewinn von
Kemmental,72,Economie de,Gewinn von
Valbroye,423,Economie de,Gewinn von
Tramelan,-285,Perte de,Verlust von
Icogne,-1194,Perte de,Verlust von
Vechigen,11467,Economie de,Gewinn von
Saas-Grund,2754,Economie de,Gewinn von
Gonten,-4587,Perte de,Verlust von
Les Bois,182,Economie de,Gewinn von
Tschappina,4794,Economie de,Gewinn von
Oron,82,Economie de,Gewinn von
Altendorf,-5134,Perte de,Verlust von
Zillis-Reischen,NA,NA,NA
Welschenrohr-Gänsbrunnen,9984,Economie de,Gewinn von
Elgg,NA,NA,NA
Mont-Vully,-497,Perte de,Verlust von
Saint-Gingolph,79,Economie de,Gewinn von
Court,1131,Economie de,Gewinn von
Chalais,-588,Perte de,Verlust von
Grandvillard,-3647,Perte de,Verlust von
Saint-Cergue,2,Economie de,Gewinn von
Vuisternens-devant-Romont,-427,Perte de,Verlust von
Stammheim,NA,NA,NA
Petit-Val,139,Economie de,Gewinn von
Riddes,125,Economie de,Gewinn von
Ins,-389,Perte de,Verlust von
Domat/Ems,46,Economie de,Gewinn von
Payerne,-346,Perte de,Verlust von
Homburg,-4464,Perte de,Verlust von
La Roche,-466,Perte de,Verlust von
Hundwil,623,Economie de,Gewinn von
Celerina/Schlarigna,3828,Economie de,Gewinn von
Dagmersellen,1454,Economie de,Gewinn von
Bulle,-594,Perte de,Verlust von
Basel,44,Economie de,Gewinn von
Péry-La Heutte,1373,Economie de,Gewinn von
Sonvilier,-1789,Perte de,Verlust von
Bever,554,Economie de,Gewinn von
Buchegg,-123,Perte de,Verlust von
Gersau,2576,Economie de,Gewinn von
Hohenrain,182,Economie de,Gewinn von
Brissago,3468,Economie de,Gewinn von
Morschach,337,Economie de,Gewinn von
Rapperswil (BE),27,Economie de,Gewinn von
Rossinière,975,Economie de,Gewinn von
Belp,-259,Perte de,Verlust von
Heimiswil,1855,Economie de,Gewinn von
Signau,1193,Economie de,Gewinn von
Saxon,866,Economie de,Gewinn von
Vallorbe,-113,Perte de,Verlust von
Madiswil,554,Economie de,Gewinn von
Gampel-Bratsch,-4266,Perte de,Verlust von
Triengen,135,Economie de,Gewinn von
Unterbäch,-4875,Perte de,Verlust von
Alto Malcantone,1764,Economie de,Gewinn von
Corbeyrier,1672,Economie de,Gewinn von
Bosco/Gurin,2274,Economie de,Gewinn von
Murten,-155,Perte de,Verlust von
Basse-Allaine,1137,Economie de,Gewinn von
Risch,1772,Economie de,Gewinn von
Alpthal,2115,Economie de,Gewinn von
Puidoux,873,Economie de,Gewinn von
Finhaut,314,Economie de,Gewinn von
Rothenthurm,2126,Economie de,Gewinn von
Beinwil (SO),476,Economie de,Gewinn von
Baulmes,119,Economie de,Gewinn von
Falera,326,Economie de,Gewinn von
Wimmis,1348,Economie de,Gewinn von
Cheyres-Châbles,-482,Perte de,Verlust von
Hinwil,NA,NA,NA
Gams,-2673,Perte de,Verlust von
Delémont,-1522,Perte de,Verlust von
Courtepin,-4623,Perte de,Verlust von
Iseltwald,1335,Economie de,Gewinn von
Hasle bei Burgdorf,11289,Economie de,Gewinn von
Courtelary,-1756,Perte de,Verlust von
Bäretswil,NA,NA,NA
Bütschwil-Ganterschwil,-238,Perte de,Verlust von
Neuenegg,11515,Economie de,Gewinn von
Lantsch/Lenz,355,Economie de,Gewinn von
Eriz,12656,Economie de,Gewinn von
Schleitheim,-243,Perte de,Verlust von
Mettauertal,NA,NA,NA
Biel/Bienne,7695,Economie de,Gewinn von
Lauperswil,11579,Economie de,Gewinn von
Lützelflüh,11261,Economie de,Gewinn von
Langenthal,NA,NA,NA
Wilchingen,-2443,Perte de,Verlust von
Worb,12323,Economie de,Gewinn von
Vionnaz,799,Economie de,Gewinn von
Vully-les-Lacs,-17,Perte de,Verlust von
Sisikon,463,Economie de,Gewinn von
Schüpfen,1828,Economie de,Gewinn von
Wiesendangen,NA,NA,NA
Arbaz,-224,Perte de,Verlust von
Sierre,1428,Economie de,Gewinn von
Cham,4962,Economie de,Gewinn von
Riederalp,-466,Perte de,Verlust von
Amriswil,5762,Economie de,Gewinn von
Satigny,3774,Economie de,Gewinn von
Seelisberg,4442,Economie de,Gewinn von
Bussnang,-373,Perte de,Verlust von
Gimel,36,Economie de,Gewinn von
Sâles,-415,Perte de,Verlust von
Möhlin,-33,Perte de,Verlust von
Murgenthal,-3268,Perte de,Verlust von
Liestal,-95,Perte de,Verlust von
Les Ponts-de-Martel,-1513,Perte de,Verlust von
Plasselb,-45,Perte de,Verlust von
Orvin,1214,Economie de,Gewinn von
Thun,-2421,Perte de,Verlust von
Courrendlin,1177,Economie de,Gewinn von
Arbedo-Castione,12,Economie de,Gewinn von
Gais,473,Economie de,Gewinn von
Saint-Imier,-1936,Perte de,Verlust von
Seedorf (BE),1785,Economie de,Gewinn von
Wil (SG),9549,Economie de,Gewinn von
Bassins,44,Economie de,Gewinn von
Oberried am Brienzersee,12397,Economie de,Gewinn von
Saxeten,1394,Economie de,Gewinn von
Chavornay,23,Economie de,Gewinn von
Kloten,NA,NA,NA
San Vittore,-1693,Perte de,Verlust von
Grône,-592,Perte de,Verlust von
Freienbach,NA,NA,NA
Horw,1338,Economie de,Gewinn von
Ardon,679,Economie de,Gewinn von
Le Noirmont,38,Economie de,Gewinn von
Emmen,1692,Economie de,Gewinn von
Sins,3162,Economie de,Gewinn von
Siviriez,-429,Perte de,Verlust von
Hemberg,-3299,Perte de,Verlust von
Cerentino,2186,Economie de,Gewinn von
Monthey,1412,Economie de,Gewinn von
Fontenais,11449,Economie de,Gewinn von
Aadorf,-86,Perte de,Verlust von
Thayngen,-2429,Perte de,Verlust von
Mont-la-Ville,273,Economie de,Gewinn von
Niederbipp,224,Economie de,Gewinn von
Courroux,11632,Economie de,Gewinn von
Grosswangen,178,Economie de,Gewinn von
Moutier,-2979,Perte de,Verlust von
Pfäffikon,-4875,Perte de,Verlust von
Giornico,218,Economie de,Gewinn von
Avenches,16,Economie de,Gewinn von
Selzach,1277,Economie de,Gewinn von
Krauchthal,-5314,Perte de,Verlust von
Valbirse,128,Economie de,Gewinn von
Beringen,-2547,Perte de,Verlust von
Hünenberg,3213,Economie de,Gewinn von
Termen,-439,Perte de,Verlust von
Kaltbrunn,NA,NA,NA
Leysin,1843,Economie de,Gewinn von
Le Mouret,-4161,Perte de,Verlust von
Egnach,NA,NA,NA
Forel (Lavaux),559,Economie de,Gewinn von
Courgenay,11525,Economie de,Gewinn von
Genève,393,Economie de,Gewinn von
Gossau (ZH),-5545,Perte de,Verlust von
Montfaucon,11626,Economie de,Gewinn von
Cugnasco-Gerra,4472,Economie de,Gewinn von
Seedorf (UR),4549,Economie de,Gewinn von
Conters im Prättigau,3593,Economie de,Gewinn von
Kaisten,NA,NA,NA
Kallnach,1218,Economie de,Gewinn von
Schlatt-Haslen,-4791,Perte de,Verlust von
Neunkirch,-2521,Perte de,Verlust von
Pleigne,11476,Economie de,Gewinn von
Oberbüren,173,Economie de,Gewinn von
Ennetbürgen,17955,Economie de,Gewinn von
Horrenbach-Buchen,6872,Economie de,Gewinn von
Pfaffnau,192,Economie de,Gewinn von
Sembrancher,29,Economie de,Gewinn von
Corgémont,1169,Economie de,Gewinn von
Hüttwilen,NA,NA,NA
Jorat-Menthue,244,Economie de,Gewinn von
Niedergesteln,777,Economie de,Gewinn von
Schwellbrunn,2297,Economie de,Gewinn von
Sattel,-2138,Perte de,Verlust von
Merishausen,-24,Perte de,Verlust von
Montagny (FR),-4664,Perte de,Verlust von
Törbel,48,Economie de,Gewinn von
Feusisberg,NA,NA,NA
Römerswil,172,Economie de,Gewinn von
La Chaux-du-Milieu,-1519,Perte de,Verlust von
Huttwil,NA,NA,NA
Gränichen,-2244,Perte de,Verlust von
Walkringen,11291,Economie de,Gewinn von
Rüderswil,1136,Economie de,Gewinn von
Wigoltingen,6697,Economie de,Gewinn von
Buttisholz,1664,Economie de,Gewinn von
Gündlischwand,-1564,Perte de,Verlust von
Ingenbohl,2634,Economie de,Gewinn von
Saint-Légier-La Chiésaz,NA,NA,NA
Versoix,3845,Economie de,Gewinn von
Lyss,-15,Perte de,Verlust von
Steffisburg,2264,Economie de,Gewinn von
Surpierre,-4557,Perte de,Verlust von
Tavannes,2,Economie de,Gewinn von
Maur,NA,NA,NA
Stansstad,17796,Economie de,Gewinn von
Hergiswil (NW),17934,Economie de,Gewinn von
L'Isle,311,Economie de,Gewinn von
Oberdorf (NW),1819,Economie de,Gewinn von
Ueberstorf,-4419,Perte de,Verlust von
Brot-Plamboz,-188,Perte de,Verlust von
Bülach,NA,NA,NA
Blonay,NA,NA,NA
Prez,-452,Perte de,Verlust von
Utzenstorf,1775,Economie de,Gewinn von
Appenzell,-4222,Perte de,Verlust von
Rheinfelden,-3318,Perte de,Verlust von
Savigny,5,Economie de,Gewinn von
Trachselwald,1112,Economie de,Gewinn von
Gurmels,-4718,Perte de,Verlust von
Bullet,-42,Perte de,Verlust von
Prato (Leventina),2226,Economie de,Gewinn von
Wetzikon (ZH),276,Economie de,Gewinn von
Seeberg,237,Economie de,Gewinn von
Boudry,426,Economie de,Gewinn von
Spiez,13349,Economie de,Gewinn von
Muttenz,532,Economie de,Gewinn von
Delley-Portalban,-58,Perte de,Verlust von
La Rippe,-114,Perte de,Verlust von
Bolligen,1135,Economie de,Gewinn von
Buchs (SG),-1653,Perte de,Verlust von
Walchwil,1945,Economie de,Gewinn von
Niederbüren,-2956,Perte de,Verlust von
Werthenstein,175,Economie de,Gewinn von
Münsingen,-2436,Perte de,Verlust von
Benken (SG),1965,Economie de,Gewinn von
Oberdiessbach,1219,Economie de,Gewinn von
Wängi,13,Economie de,Gewinn von
Aigle,2661,Economie de,Gewinn von
Niederhelfenschwil,NA,NA,NA
Schattdorf,4945,Economie de,Gewinn von
Kleinlützel,3867,Economie de,Gewinn von
Flüelen,4656,Economie de,Gewinn von
St. Ursen,-4291,Perte de,Verlust von
Balsthal,5486,Economie de,Gewinn von
Saint-Brais,11597,Economie de,Gewinn von
Seewen,392,Economie de,Gewinn von
Herbetswil,NA,NA,NA
Villeret,-1776,Perte de,Verlust von
Le Cerneux-Péquignot,-1549,Perte de,Verlust von
Rothenburg,1176,Economie de,Gewinn von
Weinfelden,1133,Economie de,Gewinn von
Dallenwil,1837,Economie de,Gewinn von
Villorsonnens,-432,Perte de,Verlust von
Ersigen,1858,Economie de,Gewinn von
Villaz,-449,Perte de,Verlust von
Buchholterberg,684,Economie de,Gewinn von
Langenbruck,-133,Perte de,Verlust von
Trubschachen,11657,Economie de,Gewinn von
Moudon,511,Economie de,Gewinn von
Basadingen-Schlattingen,NA,NA,NA
Thundorf,-4154,Perte de,Verlust von
Burgdorf,815,Economie de,Gewinn von
Albinen,-43,Perte de,Verlust von
Schlatt (TG),NA,NA,NA
Cudrefin,-865,Perte de,Verlust von
Blumenstein,1987,Economie de,Gewinn von
Bözberg,-3247,Perte de,Verlust von
Laupersdorf,NA,NA,NA
Hallau,-2744,Perte de,Verlust von
Schötz,1195,Economie de,Gewinn von
Teufen (AR),222,Economie de,Gewinn von
Isérables,126,Economie de,Gewinn von
Gryon,25,Economie de,Gewinn von
Tuggen,-67,Perte de,Verlust von
Grossaffoltern,-11,Perte de,Verlust von
Bönigen,1342,Economie de,Gewinn von
Ausserberg,932,Economie de,Gewinn von
Cama,NA,NA,NA
Wattenwil,1255,Economie de,Gewinn von
Egg,NA,NA,NA
Uzwil,-225,Perte de,Verlust von
Laufenburg,NA,NA,NA
Port-Valais,59,Economie de,Gewinn von
Neftenbach,NA,NA,NA
Rüegsau,111,Economie de,Gewinn von
Sonceboz-Sombeval,1186,Economie de,Gewinn von
Wiler (Lötschen),NA,NA,NA
Amlikon-Bissegg,1115,Economie de,Gewinn von
Affeltrangen,169,Economie de,Gewinn von
Bolken,1134,Economie de,Gewinn von
Ennetmoos,1789,Economie de,Gewinn von
Ursy,-4293,Perte de,Verlust von
Saint-Maurice,NA,NA,NA
Nottwil,1813,Economie de,Gewinn von
Porrentruy,11481,Economie de,Gewinn von
Cortébert,-1736,Perte de,Verlust von
Radelfingen,1792,Economie de,Gewinn von
Bowil,11877,Economie de,Gewinn von
Regensdorf,NA,NA,NA
Kirchdorf (BE),1246,Economie de,Gewinn von
Dalpe,253,Economie de,Gewinn von
Bonaduz,-32,Perte de,Verlust von
Aubonne,317,Economie de,Gewinn von
Bösingen,-4574,Perte de,Verlust von
Wolhusen,1422,Economie de,Gewinn von
Vérossaz,323,Economie de,Gewinn von
Scharans,-2,Perte de,Verlust von
Tévenon,-61,Perte de,Verlust von
Staldenried,NA,NA,NA
Fläsch,35,Economie de,Gewinn von
Volketswil,NA,NA,NA
Grächen,NA,NA,NA
Stocken-Höfen,134,Economie de,Gewinn von
Russikon,NA,NA,NA
Lavey-Morcles,2818,Economie de,Gewinn von
Altishofen,178,Economie de,Gewinn von
Steg-Hohtenn,-3218,Perte de,Verlust von
Uesslingen-Buch,2913,Economie de,Gewinn von
La Ferrière,-1916,Perte de,Verlust von
Dürrenroth,187,Economie de,Gewinn von
Marthalen,NA,NA,NA
Lütisburg,-1155,Perte de,Verlust von
Unterseen,-231,Perte de,Verlust von
Lens,-1114,Perte de,Verlust von
Degersheim,-1731,Perte de,Verlust von
Bellwald,-58,Perte de,Verlust von
Hägendorf,NA,NA,NA
Arnex-sur-Nyon,121,Economie de,Gewinn von
Eischoll,1586,Economie de,Gewinn von
Oberuzwil,-2232,Perte de,Verlust von
Meggen,15114,Economie de,Gewinn von
Zell (LU),14547,Economie de,Gewinn von
Saicourt,9919,Economie de,Gewinn von
Leuggern,NA,NA,NA
Herdern,-3328,Perte de,Verlust von
Linden,139,Economie de,Gewinn von
Aefligen,-5471,Perte de,Verlust von
Crassier,27,Economie de,Gewinn von
Bure,11395,Economie de,Gewinn von
Brittnau,-273,Perte de,Verlust von
Les Genevez (JU),11766,Economie de,Gewinn von
Dübendorf,NA,NA,NA
Hausen am Albis,-5316,Perte de,Verlust von
Bonfol,11381,Economie de,Gewinn von
Courtételle,11822,Economie de,Gewinn von
Visp,66,Economie de,Gewinn von
Wilderswil,-342,Perte de,Verlust von
Bourrignon,11477,Economie de,Gewinn von
Yverdon-les-Bains,4129,Economie de,Gewinn von
Merenschwand,-561,Perte de,Verlust von
Ramsen,-2358,Perte de,Verlust von
Schmitten (FR),-4455,Perte de,Verlust von
Pfyn,886,Economie de,Gewinn von
Berg (TG),-45,Perte de,Verlust von
Ossingen,NA,NA,NA
Bovernier,-86,Perte de,Verlust von
Soubey,1157,Economie de,Gewinn von
Cormoret,-1792,Perte de,Verlust von
Bürchen,985,Economie de,Gewinn von
Sauge,1226,Economie de,Gewinn von
La Verrerie,-497,Perte de,Verlust von
Yvonand,157,Economie de,Gewinn von
Mettmenstetten,-5486,Perte de,Verlust von
Zell (ZH),NA,NA,NA
Hittnau,NA,NA,NA
Bernex,3795,Economie de,Gewinn von
Aedermannsdorf,NA,NA,NA
Stadel,NA,NA,NA
Apples,NA,NA,NA
Oftringen,-2134,Perte de,Verlust von
Isone,-1844,Perte de,Verlust von
Felsberg,-41,Perte de,Verlust von
Embd,213,Economie de,Gewinn von
La Côte-aux-Fées,-1395,Perte de,Verlust von
Varen,-437,Perte de,Verlust von
Rhäzüns,223,Economie de,Gewinn von
Wald (BE),11848,Economie de,Gewinn von
Echichens,177,Economie de,Gewinn von
Wünnewil-Flamatt,-454,Perte de,Verlust von
Galgenen,NA,NA,NA
Weisslingen,NA,NA,NA
Konolfingen,122,Economie de,Gewinn von
Embrach,NA,NA,NA
Lengnau (AG),-3322,Perte de,Verlust von
Oberhelfenschwil,-2162,Perte de,Verlust von
Gaiserwald,-2411,Perte de,Verlust von
Lostorf,5319,Economie de,Gewinn von
Locarno,3285,Economie de,Gewinn von
Eschenbach (LU),11476,Economie de,Gewinn von
Vaulion,-815,Perte de,Verlust von
Vex,-626,Perte de,Verlust von
Renan (BE),-1798,Perte de,Verlust von
Büren an der Aare,NA,NA,NA
Beggingen,-2377,Perte de,Verlust von
Ettiswil,145,Economie de,Gewinn von
Wäldi,1856,Economie de,Gewinn von
Ufhusen,NA,NA,NA
Zihlschlacht-Sitterdorf,-2729,Perte de,Verlust von
Collonges,3823,Economie de,Gewinn von
Dorénaz,56,Economie de,Gewinn von
Gingins,-18,Perte de,Verlust von
Densbüren,-2933,Perte de,Verlust von
Erlen,NA,NA,NA
Hombrechtikon,NA,NA,NA
Lignières,-1456,Perte de,Verlust von
Hauptwil-Gottshaus,-196,Perte de,Verlust von
Wohlen (AG),-4485,Perte de,Verlust von
Ascona,NA,NA,NA
Develier,-135,Perte de,Verlust von
Baden,-334,Perte de,Verlust von
Liesberg,554,Economie de,Gewinn von
Schongau,9894,Economie de,Gewinn von
Rümlang,6993,Economie de,Gewinn von
Oberbalm,11812,Economie de,Gewinn von
Lajoux (JU),11698,Economie de,Gewinn von
Sirnach,479,Economie de,Gewinn von
Küsnacht (ZH),NA,NA,NA
Villmergen,NA,NA,NA
Oberdorf (SO),198,Economie de,Gewinn von
Endingen,-3281,Perte de,Verlust von
Boécourt,1162,Economie de,Gewinn von
Muri (AG),NA,NA,NA
Aarau,-1969,Perte de,Verlust von
Lucens,481,Economie de,Gewinn von
Glattfelden,NA,NA,NA
Küttigen,-4447,Perte de,Verlust von
Messen,-459,Perte de,Verlust von
Montilliez,216,Economie de,Gewinn von
Saint-George,28,Economie de,Gewinn von
Birwinken,-1977,Perte de,Verlust von
Bois-d'Amont,-4281,Perte de,Verlust von
Kerzers,-4891,Perte de,Verlust von
Lütschental,-1652,Perte de,Verlust von
Biberist,247,Economie de,Gewinn von
Schinznach,-3121,Perte de,Verlust von
Yvorne,3415,Economie de,Gewinn von
Bettlach,1474,Economie de,Gewinn von
Mergoscia,2147,Economie de,Gewinn von
Corcelles-près-Payerne,-667,Perte de,Verlust von
Wuppenau,-1989,Perte de,Verlust von
Ochlenberg,1868,Economie de,Gewinn von
Oensingen,158,Economie de,Gewinn von
Castel San Pietro,2697,Economie de,Gewinn von
Wagenhausen,1219,Economie de,Gewinn von
Boswil,NA,NA,NA
Vitznau,-3,Perte de,Verlust von
Wittenbach,-113,Perte de,Verlust von
Orbe,2459,Economie de,Gewinn von
Bischofszell,-2956,Perte de,Verlust von
Kreuzlingen,1535,Economie de,Gewinn von
Tägerwilen,1738,Economie de,Gewinn von
Buchberg,-2725,Perte de,Verlust von
Buochs,17765,Economie de,Gewinn von
Roggwil (TG),-38,Perte de,Verlust von
Stallikon,NA,NA,NA
Lindau,NA,NA,NA
Eschenz,-1633,Perte de,Verlust von
Marchissy,148,Economie de,Gewinn von
Pont-en-Ogoz,-4166,Perte de,Verlust von
Hauterive (FR),-4378,Perte de,Verlust von
Bichelsee-Balterswil,NA,NA,NA
Kirchlindach,1113,Economie de,Gewinn von
Meilen,-765,Perte de,Verlust von
Hauteville,-442,Perte de,Verlust von
Rothrist,-3325,Perte de,Verlust von
Rickenbach (LU),1189,Economie de,Gewinn von
Steinen,-246,Perte de,Verlust von
Les Planchettes,-187,Perte de,Verlust von
Bürglen (TG),-2262,Perte de,Verlust von
Wyssachen,1888,Economie de,Gewinn von
Kippel,-229,Perte de,Verlust von
Le Bémont (JU),51,Economie de,Gewinn von
Sempach,1846,Economie de,Gewinn von
Oberburg,NA,NA,NA
Flawil,13332,Economie de,Gewinn von
Birmensdorf (ZH),NA,NA,NA
Coeuve,11334,Economie de,Gewinn von
Bubikon,NA,NA,NA
Hüttlingen,-1262,Perte de,Verlust von
Treyvaux,-4178,Perte de,Verlust von
Buckten,-86,Perte de,Verlust von
Wichtrach,12289,Economie de,Gewinn von
Neunforn,NA,NA,NA
Misery-Courtion,-4628,Perte de,Verlust von
Terre di Pedemonte,1657,Economie de,Gewinn von
Reichenburg,-4242,Perte de,Verlust von
Affoltern im Emmental,192,Economie de,Gewinn von
Olten,-2887,Perte de,Verlust von
Malans,3283,Economie de,Gewinn von
Laufen,8437,Economie de,Gewinn von
Concise,23,Economie de,Gewinn von
Jussy,43,Economie de,Gewinn von
Schmitten (GR),NA,NA,NA
Eriswil,-1854,Perte de,Verlust von
Jegenstorf,-5487,Perte de,Verlust von
Lenzburg,NA,NA,NA
Beinwil (Freiamt),NA,NA,NA
Niederhasli,NA,NA,NA
Reutigen,13184,Economie de,Gewinn von
Matzendorf,NA,NA,NA
Wittnau,NA,NA,NA
Zeiningen,NA,NA,NA
Salgesch,-96,Perte de,Verlust von
Bremgarten (AG),-3277,Perte de,Verlust von
Diepoldsau,NA,NA,NA
Villigen,-666,Perte de,Verlust von
Riemenstalden,3545,Economie de,Gewinn von
Rue,-4233,Perte de,Verlust von
Bärschwil,42,Economie de,Gewinn von
Twann-Tüscherz,1484,Economie de,Gewinn von
Eptingen,-754,Perte de,Verlust von
Buseno,NA,NA,NA
Pampigny,NA,NA,NA
Jorat-Mézières,487,Economie de,Gewinn von
Landquart,6164,Economie de,Gewinn von
Stans,17747,Economie de,Gewinn von
Zofingen,-4463,Perte de,Verlust von
Hochdorf,-1657,Perte de,Verlust von
Kleinandelfingen,NA,NA,NA
Les Montets,-473,Perte de,Verlust von
Fiesch,-4753,Perte de,Verlust von
Grandcour,-487,Perte de,Verlust von
Bätterkinden,262,Economie de,Gewinn von
Torny,-4516,Perte de,Verlust von
Uetendorf,14788,Economie de,Gewinn von
Flaach,NA,NA,NA
Gipf-Oberfrick,NA,NA,NA
Magden,-244,Perte de,Verlust von
Vordemwald,-3277,Perte de,Verlust von
Vaulruz,-464,Perte de,Verlust von
Zizers,3481,Economie de,Gewinn von
Saint-Martin (FR),-412,Perte de,Verlust von
Wangen (SZ),NA,NA,NA
Jonschwil,-4,Perte de,Verlust von
Mollens (VD),334,Economie de,Gewinn von
Bourg-en-Lavaux,728,Economie de,Gewinn von
Kappelen,1618,Economie de,Gewinn von
Muriaux,-14,Perte de,Verlust von
Illgau,-178,Perte de,Verlust von
Oberkirch,11165,Economie de,Gewinn von
Kradolf-Schönenberg,-475,Perte de,Verlust von
Seon,NA,NA,NA
Rothenfluh,-924,Perte de,Verlust von
Schönholzerswilen,5567,Economie de,Gewinn von
Romont (FR),-4372,Perte de,Verlust von
Riehen,6643,Economie de,Gewinn von
Langrickenbach,2476,Economie de,Gewinn von
Les Breuleux,NA,NA,NA
Bubendorf,-947,Perte de,Verlust von
Dietikon,-3968,Perte de,Verlust von
Rüthi (SG),NA,NA,NA
Corbières,-4953,Perte de,Verlust von
Pratteln,219,Economie de,Gewinn von
Goumoëns,219,Economie de,Gewinn von
Collonge-Bellerive,4135,Economie de,Gewinn von
Rafz,NA,NA,NA
Lignerolle,-571,Perte de,Verlust von
Suhr,3938,Economie de,Gewinn von
Losone,2379,Economie de,Gewinn von
Alle,11415,Economie de,Gewinn von
Wettingen,NA,NA,NA
Affoltern am Albis,NA,NA,NA
Chéserex,-189,Perte de,Verlust von
Wildberg,NA,NA,NA
Oberthal,1165,Economie de,Gewinn von
Jenins,625,Economie de,Gewinn von
Gampelen,1874,Economie de,Gewinn von
Stalden (VS),NA,NA,NA
Ermatingen,698,Economie de,Gewinn von
Vuadens,-417,Perte de,Verlust von
Cornol,1159,Economie de,Gewinn von
Vétroz,-1125,Perte de,Verlust von
Arni (BE),NA,NA,NA
Guttet-Feschel,-428,Perte de,Verlust von
Noville,1556,Economie de,Gewinn von
Leissigen,1364,Economie de,Gewinn von
Seengen,-398,Perte de,Verlust von
Chardonne,233,Economie de,Gewinn von
Muolen,-2439,Perte de,Verlust von
Inwil,119,Economie de,Gewinn von
Nunningen,3981,Economie de,Gewinn von
Le Landeron,395,Economie de,Gewinn von
La Brillaz,-4448,Perte de,Verlust von
Leuzigen,4787,Economie de,Gewinn von
Melchnau,-17,Perte de,Verlust von
Landiswil,11422,Economie de,Gewinn von
Oberembrach,NA,NA,NA
Meikirch,1133,Economie de,Gewinn von
Dürnten,-496,Perte de,Verlust von
Buch am Irchel,NA,NA,NA
Mezzovico-Vira,113,Economie de,Gewinn von
Altdorf (UR),4764,Economie de,Gewinn von
Lumino,779,Economie de,Gewinn von
Diessenhofen,266,Economie de,Gewinn von
Röschenz,11358,Economie de,Gewinn von
Rüti (ZH),-3443,Perte de,Verlust von
Nürensdorf,-5948,Perte de,Verlust von
Broc,-3839,Perte de,Verlust von
Trogen,497,Economie de,Gewinn von
Brienzwiler,-2517,Perte de,Verlust von
Arisdorf,-12,Perte de,Verlust von
Märstetten,NA,NA,NA
Frick,-3242,Perte de,Verlust von
Thusis,NA,NA,NA
Meyrin,5669,Economie de,Gewinn von
La Praz,39,Economie de,Gewinn von
Galmiz,NA,NA,NA
Thalheim (AG),27,Economie de,Gewinn von
Aarwangen,NA,NA,NA
Cugy (FR),-4689,Perte de,Verlust von
Pohlern,1319,Economie de,Gewinn von
Erlinsbach (AG),-451,Perte de,Verlust von
Mörschwil,-2415,Perte de,Verlust von
Rances,-49,Perte de,Verlust von
Herzogenbuchsee,7784,Economie de,Gewinn von
Le Mont-sur-Lausanne,566,Economie de,Gewinn von
Gelterkinden,-96,Perte de,Verlust von
Essertines-sur-Yverdon,8,Economie de,Gewinn von
Knutwil,165,Economie de,Gewinn von
Attalens,-3137,Perte de,Verlust von
Gontenschwil,-5695,Perte de,Verlust von
Mervelier,1177,Economie de,Gewinn von
Gachnang,1797,Economie de,Gewinn von
Inden,-4521,Perte de,Verlust von
Hindelbank,-5394,Perte de,Verlust von
Thal,-4814,Perte de,Verlust von
Ebikon,11124,Economie de,Gewinn von
Thunstetten,158,Economie de,Gewinn von
Diegten,-936,Perte de,Verlust von
Berolle,348,Economie de,Gewinn von
Reigoldswil,-965,Perte de,Verlust von
Meierskappel,156,Economie de,Gewinn von
Enges,-143,Perte de,Verlust von
Weiach,NA,NA,NA
Le Flon,-4164,Perte de,Verlust von
Trüllikon,NA,NA,NA
Güttingen,-4294,Perte de,Verlust von
Yens,215,Economie de,Gewinn von
Wölflinswil,NA,NA,NA
Crémines,196,Economie de,Gewinn von
Reinach (AG),-5667,Perte de,Verlust von
Fehraltorf,NA,NA,NA
Sargans,-216,Perte de,Verlust von
Longirod,176,Economie de,Gewinn von
Rain,1887,Economie de,Gewinn von
Siblingen,-2477,Perte de,Verlust von
Brislach,5478,Economie de,Gewinn von
Oberkulm,-2787,Perte de,Verlust von
Gondiswil,18,Economie de,Gewinn von
Steinmaur,NA,NA,NA
Eich,11488,Economie de,Gewinn von
Wila,NA,NA,NA
Lauerz,-1973,Perte de,Verlust von
Oberbuchsiten,NA,NA,NA
Zuzwil (SG),-3754,Perte de,Verlust von
Schlatt (ZH),NA,NA,NA
Rheinau,NA,NA,NA
Wil (ZH),NA,NA,NA
Staffelbach,-2732,Perte de,Verlust von
Mézières (FR),-44,Perte de,Verlust von
Saint-Blaise,49,Economie de,Gewinn von
Eggersriet,NA,NA,NA
Würenlingen,-5193,Perte de,Verlust von
Stein (AR),361,Economie de,Gewinn von
Juriens,35,Economie de,Gewinn von
Bavois,32,Economie de,Gewinn von
Oberegg,1329,Economie de,Gewinn von
Santa Maria in Calanca,-629,Perte de,Verlust von
Kölliken,NA,NA,NA
Romanshorn,NA,NA,NA
Unterkulm,-2846,Perte de,Verlust von
Ringgenberg (BE),12795,Economie de,Gewinn von
Belfaux,-4546,Perte de,Verlust von
Erlinsbach (SO),-552,Perte de,Verlust von
Milvignes,-74,Perte de,Verlust von
Buus,-123,Perte de,Verlust von
Minusio,254,Economie de,Gewinn von
Münchenbuchsee,-768,Perte de,Verlust von
Frauenkappelen,1694,Economie de,Gewinn von
Fribourg,-348,Perte de,Verlust von
Sils im Domleschg,NA,NA,NA
Lac de Joux,NA,NA,NA
Steckborn,24,Economie de,Gewinn von
Grüningen,-411,Perte de,Verlust von
Ronco sopra Ascona,1458,Economie de,Gewinn von
Ursenbach,-1892,Perte de,Verlust von
Braunau,-2473,Perte de,Verlust von
Oberlangenegg,12418,Economie de,Gewinn von
Vendlincourt,11356,Economie de,Gewinn von
Bachs,NA,NA,NA
Heitenried,-4345,Perte de,Verlust von
Sulgen,5423,Economie de,Gewinn von
Spreitenbach,NA,NA,NA
Stäfa,NA,NA,NA
Saillon,57,Economie de,Gewinn von
Kienberg,-4139,Perte de,Verlust von
Lutry,18,Economie de,Gewinn von
Arogno,135,Economie de,Gewinn von
Roches (BE),2,Economie de,Gewinn von
Eglisau,NA,NA,NA
Wikon,956,Economie de,Gewinn von
Ballaigues,-1137,Perte de,Verlust von
Kirchberg (BE),NA,NA,NA
Champvent,-159,Perte de,Verlust von
Bassersdorf,NA,NA,NA
Boncourt,196,Economie de,Gewinn von
Würenlos,NA,NA,NA
Donneloye,281,Economie de,Gewinn von
Herrliberg,914,Economie de,Gewinn von
Hagenbuch,NA,NA,NA
Saint-Livres,3137,Economie de,Gewinn von
Winkel,NA,NA,NA
Grandfontaine,11424,Economie de,Gewinn von
Vuarrens,379,Economie de,Gewinn von
Sissach,-92,Perte de,Verlust von
Allschwil,5358,Economie de,Gewinn von
Häggenschwil,-2353,Perte de,Verlust von
Lengwil,265,Economie de,Gewinn von
Hofstetten bei Brienz,12631,Economie de,Gewinn von
Gansingen,-322,Perte de,Verlust von
Anières,4118,Economie de,Gewinn von
Reitnau,-2748,Perte de,Verlust von
Hohentannen,264,Economie de,Gewinn von
Neuhausen am Rheinfall,-25,Perte de,Verlust von
Ballwil,11293,Economie de,Gewinn von
Rüttenen,137,Economie de,Gewinn von
Müllheim,5279,Economie de,Gewinn von
Sorens,-4166,Perte de,Verlust von
Langnau am Albis,NA,NA,NA
Root,11281,Economie de,Gewinn von
Schmiedrued,-2712,Perte de,Verlust von
Aristau,NA,NA,NA
Lommis,-4253,Perte de,Verlust von
Dardagny,3614,Economie de,Gewinn von
Kestenholz,NA,NA,NA
Cressier (NE),-1446,Perte de,Verlust von
Ziefen,-89,Perte de,Verlust von
Ferenbalm,11138,Economie de,Gewinn von
Münchwilen (TG),-39,Perte de,Verlust von
Perrefitte,9525,Economie de,Gewinn von
Auw,NA,NA,NA
Mörel-Filet,-474,Perte de,Verlust von
Metzerlen-Mariastein,3827,Economie de,Gewinn von
Oberbipp,1453,Economie de,Gewinn von
Bonvillars,-286,Perte de,Verlust von
Ballens,381,Economie de,Gewinn von
Lupfig,-1424,Perte de,Verlust von
Seehof,1149,Economie de,Gewinn von
Madulain,64,Economie de,Gewinn von
Freienstein-Teufen,NA,NA,NA
Wiedlisbach,1428,Economie de,Gewinn von
Le Châtelard,-4198,Perte de,Verlust von
Heiden,346,Economie de,Gewinn von
Collina d'Oro,2827,Economie de,Gewinn von
Zuzgen,-3126,Perte de,Verlust von
Stüsslingen,5429,Economie de,Gewinn von
Cadenazzo,-2,Perte de,Verlust von
Obersiggenthal,-4494,Perte de,Verlust von
Pieterlen,NA,NA,NA
Hochwald,393,Economie de,Gewinn von
Waldenburg,-76,Perte de,Verlust von
Gland,5234,Economie de,Gewinn von
Marsens,-4117,Perte de,Verlust von
Greifensee,NA,NA,NA
Sarmenstorf,-2893,Perte de,Verlust von
Cossonay,436,Economie de,Gewinn von
Untersiggenthal,-398,Perte de,Verlust von
Bargen (SH),-2426,Perte de,Verlust von
Schneisingen,-396,Perte de,Verlust von
Lac de Morat (VD),NA,NA,NA
Brugg,-1488,Perte de,Verlust von
Oberglatt,NA,NA,NA
Reconvilier,9992,Economie de,Gewinn von
Grandval,122,Economie de,Gewinn von
Courtedoux,11436,Economie de,Gewinn von
Warth-Weiningen,553,Economie de,Gewinn von
Oberhof,NA,NA,NA
Speicher,323,Economie de,Gewinn von
Läufelfingen,-783,Perte de,Verlust von
Küblis,35,Economie de,Gewinn von
Movelier,11466,Economie de,Gewinn von
Elsau,NA,NA,NA
Fischbach,9885,Economie de,Gewinn von
Dägerlen,NA,NA,NA
Céligny,-2718,Perte de,Verlust von
Corcelles-le-Jorat,491,Economie de,Gewinn von
Aarberg,-4424,Perte de,Verlust von
Neuheim,236,Economie de,Gewinn von
Wangen-Brüttisellen,NA,NA,NA
Kappel am Albis,-6144,Perte de,Verlust von
Aeugst am Albis,NA,NA,NA
Zeglingen,-828,Perte de,Verlust von
Hemishofen,-2382,Perte de,Verlust von
Saint-Aubin (FR),-4839,Perte de,Verlust von
Oberwil (BL),5343,Economie de,Gewinn von
Walterswil (BE),1799,Economie de,Gewinn von
Remigen,-333,Perte de,Verlust von
Bargen (BE),-65,Perte de,Verlust von
Saulcy,1164,Economie de,Gewinn von
Fontaines-sur-Grandson,-95,Perte de,Verlust von
Zollikon,NA,NA,NA
Grandson,15,Economie de,Gewinn von
Gals,1559,Economie de,Gewinn von
Roggwil (BE),NA,NA,NA
Lüsslingen-Nennigkofen,4513,Economie de,Gewinn von
Gerzensee,12284,Economie de,Gewinn von
Birmenstorf (AG),NA,NA,NA
Fahy,11379,Economie de,Gewinn von
Adliswil,-4995,Perte de,Verlust von
Gilly,289,Economie de,Gewinn von
Riaz,-535,Perte de,Verlust von
Bretzwil,554,Economie de,Gewinn von
Rechthalten,-4172,Perte de,Verlust von
Holderbank (SO),NA,NA,NA
Hägglingen,-325,Perte de,Verlust von
Marly,-4342,Perte de,Verlust von
Schenkon,1146,Economie de,Gewinn von
Tegerfelden,-3338,Perte de,Verlust von
Gletterens,-4975,Perte de,Verlust von
Tobel-Tägerschen,9614,Economie de,Gewinn von
Rorschacherberg,NA,NA,NA
Riva San Vitale,1427,Economie de,Gewinn von
La Sarraz,6953,Economie de,Gewinn von
Wengi,-2462,Perte de,Verlust von
Dinhard,NA,NA,NA
Altikon,NA,NA,NA
Vernier,566,Economie de,Gewinn von
Raperswilen,2629,Economie de,Gewinn von
Matzingen,-2215,Perte de,Verlust von
Therwil,533,Economie de,Gewinn von
Villarzel,275,Economie de,Gewinn von
Attiswil,1422,Economie de,Gewinn von
Agarn,-491,Perte de,Verlust von
Muri bei Bern,11965,Economie de,Gewinn von
Arnex-sur-Orbe,228,Economie de,Gewinn von
Schupfart,-3162,Perte de,Verlust von
Hellikon,-313,Perte de,Verlust von
Hildisrieden,1193,Economie de,Gewinn von
St. Silvester,-4118,Perte de,Verlust von
Deitingen,1137,Economie de,Gewinn von
Trimbach,5362,Economie de,Gewinn von
Urdorf,NA,NA,NA
Seuzach,NA,NA,NA
Zeneggen,-3414,Perte de,Verlust von
Ried bei Kerzers,-4878,Perte de,Verlust von
Büsserach,415,Economie de,Gewinn von
Obfelden,NA,NA,NA
Uznach,919,Economie de,Gewinn von
Richterswil,-657,Perte de,Verlust von
Thierachern,12818,Economie de,Gewinn von
Burgistein,12341,Economie de,Gewinn von
Hofstetten-Flüh,39,Economie de,Gewinn von
Soyhières,11572,Economie de,Gewinn von
Cologny,4167,Economie de,Gewinn von
Bonstetten,NA,NA,NA
Erschwil,4,Economie de,Gewinn von
Böttstein,-369,Perte de,Verlust von
Lengnau (BE),-1935,Perte de,Verlust von
Aesch (BL),661,Economie de,Gewinn von
Felben-Wellhausen,NA,NA,NA
Fey,242,Economie de,Gewinn von
Lauwil,5573,Economie de,Gewinn von
Ehrendingen,-292,Perte de,Verlust von
Hornussen,NA,NA,NA
Mönchaltorf,NA,NA,NA
Niedermuhlern,11941,Economie de,Gewinn von
Lugnez,1138,Economie de,Gewinn von
Schlossrued,-2747,Perte de,Verlust von
Corminboeuf,-4489,Perte de,Verlust von
Mauensee,1582,Economie de,Gewinn von
Müntschemier,1577,Economie de,Gewinn von
Mellingen,NA,NA,NA
Münchenstein,5321,Economie de,Gewinn von
Urtenen-Schönbühl,-4559,Perte de,Verlust von
Oltingen,-847,Perte de,Verlust von
Zufikon,-577,Perte de,Verlust von
Champoz,1181,Economie de,Gewinn von
Schlierbach,1583,Economie de,Gewinn von
Höri,NA,NA,NA
Schnottwil,NA,NA,NA
Oberentfelden,NA,NA,NA
Riedholz,1281,Economie de,Gewinn von
Otelfingen,NA,NA,NA
Neuendorf,NA,NA,NA
Untereggen,-2223,Perte de,Verlust von
Botterens,-4859,Perte de,Verlust von
Cuarnens,37,Economie de,Gewinn von
Gächlingen,-2478,Perte de,Verlust von
Teuffenthal (BE),1576,Economie de,Gewinn von
Gurzelen,1255,Economie de,Gewinn von
Blauen,1123,Economie de,Gewinn von
Fulenbach,NA,NA,NA
Wegenstetten,-3115,Perte de,Verlust von
Uerkheim,-281,Perte de,Verlust von
Villars-le-Terroir,252,Economie de,Gewinn von
Eiken,-3257,Perte de,Verlust von
Froideville,598,Economie de,Gewinn von
Schwanden bei Brienz,12499,Economie de,Gewinn von
Liedertswil,-1388,Perte de,Verlust von
Les Enfers,11618,Economie de,Gewinn von
Les Clées,262,Economie de,Gewinn von
Gsteigwiler,13544,Economie de,Gewinn von
Muhen,NA,NA,NA
Romont (BE),1416,Economie de,Gewinn von
Berg am Irchel,NA,NA,NA
Walzenhausen,NA,NA,NA
Adligenswil,118,Economie de,Gewinn von
Romainmôtier-Envy,355,Economie de,Gewinn von
Reinach (BL),5327,Economie de,Gewinn von
Wangen bei Olten,5474,Economie de,Gewinn von
La Sonnaz,-4549,Perte de,Verlust von
Walperswil,163,Economie de,Gewinn von
Fiez,-23,Perte de,Verlust von
Meinier,492,Economie de,Gewinn von
Wintersingen,-2,Perte de,Verlust von
Essertines-sur-Rolle,91,Economie de,Gewinn von
Egerkingen,NA,NA,NA
Ormalingen,-977,Perte de,Verlust von
Grosshöchstetten,-344,Perte de,Verlust von
Gordola,1618,Economie de,Gewinn von
Doppleschwand,1527,Economie de,Gewinn von
Wolfhalden,NA,NA,NA
Koppigen,-2984,Perte de,Verlust von
Arlesheim,5337,Economie de,Gewinn von
Därligen,13465,Economie de,Gewinn von
Sagogn,35,Economie de,Gewinn von
Döttingen,-3328,Perte de,Verlust von
Steinerberg,232,Economie de,Gewinn von
Veytaux,2645,Economie de,Gewinn von
Rubigen,1216,Economie de,Gewinn von
Altbüron,987,Economie de,Gewinn von
Sorvilier,1193,Economie de,Gewinn von
Collex-Bossy,3788,Economie de,Gewinn von
Bottens,2424,Economie de,Gewinn von
Moiry,353,Economie de,Gewinn von
Echallens,242,Economie de,Gewinn von
Wolfwil,NA,NA,NA
Zeihen,-585,Perte de,Verlust von
Menziken,-564,Perte de,Verlust von
Fällanden,-252,Perte de,Verlust von
Signy-Avenex,139,Economie de,Gewinn von
Meisterschwanden,-3128,Perte de,Verlust von
St. Margrethen,-29,Perte de,Verlust von
Zunzgen,-974,Perte de,Verlust von
Effingen,NA,NA,NA
Niederweningen,-1654,Perte de,Verlust von
Vullierens,6,Economie de,Gewinn von
Eschlikon,224,Economie de,Gewinn von
Lotzwil,NA,NA,NA
Autigny,-4358,Perte de,Verlust von
Löhningen,-2574,Perte de,Verlust von
Wald (AR),435,Economie de,Gewinn von
Oetwil am See,NA,NA,NA
Prangins,3574,Economie de,Gewinn von
Hefenhofen,-2934,Perte de,Verlust von
Unterlangenegg,12542,Economie de,Gewinn von
Breitenbach,425,Economie de,Gewinn von
Nyon,896,Economie de,Gewinn von
Corcelles (BE),195,Economie de,Gewinn von
La Neuveville,-219,Perte de,Verlust von
Dittingen,11197,Economie de,Gewinn von
Waldstatt,456,Economie de,Gewinn von
Corsier-sur-Vevey,115,Economie de,Gewinn von
Altnau,-337,Perte de,Verlust von
Krattigen,1366,Economie de,Gewinn von
Oberwil bei Büren,-174,Perte de,Verlust von
La Chaux (Cossonay),181,Economie de,Gewinn von
Andelfingen,NA,NA,NA
Rehetobel,378,Economie de,Gewinn von
Oulens-sous-Echallens,13,Economie de,Gewinn von
Dielsdorf,NA,NA,NA
Klingnau,-328,Perte de,Verlust von
Fahrni,125,Economie de,Gewinn von
Roggenburg,11225,Economie de,Gewinn von
Linescio,1942,Economie de,Gewinn von
Suchy,213,Economie de,Gewinn von
Massongex,128,Economie de,Gewinn von
Vulliens,483,Economie de,Gewinn von
Känerkinden,-823,Perte de,Verlust von
Brüttelen,1446,Economie de,Gewinn von
Möriken-Wildegg,NA,NA,NA
Brütten,NA,NA,NA
Schlieren,NA,NA,NA
Mathod,-78,Perte de,Verlust von
Eschert,1116,Economie de,Gewinn von
Grossdietwil,9836,Economie de,Gewinn von
Cronay,38,Economie de,Gewinn von
Adlikon,NA,NA,NA
Alchenstorf,176,Economie de,Gewinn von
Salenstein,82,Economie de,Gewinn von
Sant'Antonino,178,Economie de,Gewinn von
Bennwil,-817,Perte de,Verlust von
Hedingen,NA,NA,NA
Commugny,-99,Perte de,Verlust von
Wollerau,NA,NA,NA
Balgach,NA,NA,NA
Bad Zurzach,NA,NA,NA
Homberg,1259,Economie de,Gewinn von
Rifferswil,NA,NA,NA
Rüti bei Büren,-4538,Perte de,Verlust von
Noble-Contrée,-178,Perte de,Verlust von
Veyrier,6112,Economie de,Gewinn von
Bodio,229,Economie de,Gewinn von
Geuensee,115,Economie de,Gewinn von
Belmont-sur-Yverdon,-27,Perte de,Verlust von
Knonau,-616,Perte de,Verlust von
Rohrbachgraben,1725,Economie de,Gewinn von
Roche (VD),1583,Economie de,Gewinn von
Thalheim an der Thur,NA,NA,NA
Wallisellen,-2164,Perte de,Verlust von
Bioggio,1865,Economie de,Gewinn von
Leibstadt,NA,NA,NA
Courchapoix,-189,Perte de,Verlust von
Moosseedorf,-5382,Perte de,Verlust von
Arch,-4899,Perte de,Verlust von
Stettfurt,NA,NA,NA
Fräschels,-4952,Perte de,Verlust von
Bellevue,399,Economie de,Gewinn von
Valeyres-sous-Rances,79,Economie de,Gewinn von
Nuglar-St. Pantaleon,3852,Economie de,Gewinn von
Diessbach bei Büren,-452,Perte de,Verlust von
Hellsau,1676,Economie de,Gewinn von
Schafisheim,NA,NA,NA
Sisseln,NA,NA,NA
Ettingen,537,Economie de,Gewinn von
Servion,695,Economie de,Gewinn von
Châtonnaye,-4497,Perte de,Verlust von
Andwil (SG),-2689,Perte de,Verlust von
Egliswil,NA,NA,NA
Laufen-Uhwiesen,NA,NA,NA
Solothurn,4849,Economie de,Gewinn von
Schöftland,-295,Perte de,Verlust von
Subingen,468,Economie de,Gewinn von
Muntelier,-1476,Perte de,Verlust von
Pregny-Chambésy,432,Economie de,Gewinn von
Herznach,-384,Perte de,Verlust von
Büren (SO),3861,Economie de,Gewinn von
Udligenswil,1112,Economie de,Gewinn von
Rupperswil,NA,NA,NA
Oberdorf (BL),-798,Perte de,Verlust von
Roggliswil,9946,Economie de,Gewinn von
Brusino Arsizio,124,Economie de,Gewinn von
Courchavon,11473,Economie de,Gewinn von
Hochfelden,NA,NA,NA
Stabio,136,Economie de,Gewinn von
Niederwil (AG),NA,NA,NA
Premier,277,Economie de,Gewinn von
Stein am Rhein,-2458,Perte de,Verlust von
Sursee,1769,Economie de,Gewinn von
Lyssach,-5442,Perte de,Verlust von
Eggerberg,849,Economie de,Gewinn von
Oberhallau,-2424,Perte de,Verlust von
Neerach,NA,NA,NA
Dulliken,5451,Economie de,Gewinn von
Strengelbach,-2874,Perte de,Verlust von
Rickenbach (ZH),NA,NA,NA
Himmelried,3897,Economie de,Gewinn von
Hölstein,-864,Perte de,Verlust von
Oberhünigen,1195,Economie de,Gewinn von
Arbon,-334,Perte de,Verlust von
Safenwil,-2854,Perte de,Verlust von
Gempen,3842,Economie de,Gewinn von
Schmerikon,-348,Perte de,Verlust von
Ostermundigen,11451,Economie de,Gewinn von
Pollegio,2163,Economie de,Gewinn von
Dörflingen,-2517,Perte de,Verlust von
Thurnen,12333,Economie de,Gewinn von
Bergdietikon,-323,Perte de,Verlust von
Bister,-696,Perte de,Verlust von
Wenslingen,-961,Perte de,Verlust von
Ponthaux,-4548,Perte de,Verlust von
Dürrenäsch,NA,NA,NA
Remaufens,-399,Perte de,Verlust von
Cheseaux-Noréaz,1747,Economie de,Gewinn von
Hettlingen,NA,NA,NA
Pully,NA,NA,NA
Duggingen,542,Economie de,Gewinn von
Plan-les-Ouates,434,Economie de,Gewinn von
Heimenhausen,1213,Economie de,Gewinn von
Buchs (ZH),NA,NA,NA
Avry,-4493,Perte de,Verlust von
Gretzenbach,4938,Economie de,Gewinn von
Eclépens,-78,Perte de,Verlust von
Zetzwil,-5694,Perte de,Verlust von
Aesch (LU),1263,Economie de,Gewinn von
L'Abergement,235,Economie de,Gewinn von
Bitsch,-694,Perte de,Verlust von
Dornach,432,Economie de,Gewinn von
Bünzen,NA,NA,NA
Trélex,-156,Perte de,Verlust von
Fisibach,-3324,Perte de,Verlust von
Pailly,189,Economie de,Gewinn von
Beinwil am See,-5578,Perte de,Verlust von
Lommiswil,177,Economie de,Gewinn von
Meltingen,425,Economie de,Gewinn von
Villnachern,-1354,Perte de,Verlust von
Weesen,-2742,Perte de,Verlust von
Ecublens (VD),5315,Economie de,Gewinn von
Berken,1295,Economie de,Gewinn von
Jonen,NA,NA,NA
Bleienbach,192,Economie de,Gewinn von
Ermensee,1114,Economie de,Gewinn von
Burtigny,483,Economie de,Gewinn von
Auenstein,-3142,Perte de,Verlust von
Schleinikon,NA,NA,NA
Penthéréaz,37,Economie de,Gewinn von
Grancy,14,Economie de,Gewinn von
Damphreux,11373,Economie de,Gewinn von
Benken (ZH),NA,NA,NA
Gebenstorf,68,Economie de,Gewinn von
Derendingen,-1934,Perte de,Verlust von
Berneck,-253,Perte de,Verlust von
Safnern,NA,NA,NA
Pomy,186,Economie de,Gewinn von
Rovio,-1279,Perte de,Verlust von
Niederbuchsiten,NA,NA,NA
Zumikon,NA,NA,NA
Bühler,437,Economie de,Gewinn von
Vernayaz,555,Economie de,Gewinn von
Opfikon,-397,Perte de,Verlust von
Lausen,561,Economie de,Gewinn von
Wahlen,11446,Economie de,Gewinn von
Zäziwil,11918,Economie de,Gewinn von
Zollikofen,1215,Economie de,Gewinn von
Schelten,988,Economie de,Gewinn von
Dorf,NA,NA,NA
Chancy,3623,Economie de,Gewinn von
Vufflens-la-Ville,194,Economie de,Gewinn von
Sévaz,-4864,Perte de,Verlust von
Orny,1,Economie de,Gewinn von
Heiligenschwendi,12756,Economie de,Gewinn von
Mandach,NA,NA,NA
Saint-Prex,133,Economie de,Gewinn von
Birrwil,-642,Perte de,Verlust von
Neyruz (FR),-449,Perte de,Verlust von
Rodersdorf,3828,Economie de,Gewinn von
Oberwil-Lieli,NA,NA,NA
Mühlau,NA,NA,NA
Daillens,2387,Economie de,Gewinn von
Lully (FR),-4772,Perte de,Verlust von
Mauborget,-311,Perte de,Verlust von
Rüdlingen,-2677,Perte de,Verlust von
Siglistorf,-3132,Perte de,Verlust von
Chiasso,5292,Economie de,Gewinn von
Pont-la-Ville,-417,Perte de,Verlust von
Siselen,-3664,Perte de,Verlust von
Härkingen,NA,NA,NA
Thalwil,NA,NA,NA
Crissier,1119,Economie de,Gewinn von
Molondin,18,Economie de,Gewinn von
Dietwil,NA,NA,NA
Assens,457,Economie de,Gewinn von
Villars-sur-Glâne,-445,Perte de,Verlust von
Balm bei Günsberg,1324,Economie de,Gewinn von
Grolley,-4592,Perte de,Verlust von
Agiez,249,Economie de,Gewinn von
Münsterlingen,1487,Economie de,Gewinn von
Mammern,NA,NA,NA
Gollion,475,Economie de,Gewinn von
Bretonnières,139,Economie de,Gewinn von
Eichberg,-2576,Perte de,Verlust von
Heimberg,12633,Economie de,Gewinn von
Däniken,569,Economie de,Gewinn von
Lüscherz,1662,Economie de,Gewinn von
Niederhünigen,1266,Economie de,Gewinn von
Lax,-448,Perte de,Verlust von
Neuenhof,-4694,Perte de,Verlust von
Oberrüti,-4574,Perte de,Verlust von
Berikon,NA,NA,NA
La Tène,-1478,Perte de,Verlust von
Weiningen (ZH),NA,NA,NA
Melano,-12,Perte de,Verlust von
Büron,1192,Economie de,Gewinn von
Tenero-Contra,1655,Economie de,Gewinn von
Hauenstein-Ifenthal,5315,Economie de,Gewinn von
Buchs (AG),-4343,Perte de,Verlust von
Châtillon (JU),11779,Economie de,Gewinn von
Genthod,488,Economie de,Gewinn von
Bellach,1171,Economie de,Gewinn von
Morcote,826,Economie de,Gewinn von
Günsberg,1114,Economie de,Gewinn von
Torricella-Taverne,113,Economie de,Gewinn von
Melide,815,Economie de,Gewinn von
Lufingen,NA,NA,NA
Greppen,-591,Perte de,Verlust von
Aesch (ZH),NA,NA,NA
Avusy,369,Economie de,Gewinn von
Chavannes-sur-Moudon,4,Economie de,Gewinn von
Onnens (VD),-138,Perte de,Verlust von
Rumisberg,1336,Economie de,Gewinn von
Veltheim (AG),-395,Perte de,Verlust von
Novazzano,1646,Economie de,Gewinn von
Wangen an der Aare,148,Economie de,Gewinn von
Giffers,-4172,Perte de,Verlust von
Schönengrund,-1453,Perte de,Verlust von
Kappel (SO),NA,NA,NA
Ueken,NA,NA,NA
Miglieglia,174,Economie de,Gewinn von
Bottenwil,-2737,Perte de,Verlust von
Beurnevésin,11295,Economie de,Gewinn von
Flerden,3536,Economie de,Gewinn von
Maisprach,-2468,Perte de,Verlust von
Wynau,NA,NA,NA
Vuiteboeuf,94,Economie de,Gewinn von
Uitikon,NA,NA,NA
Iffwil,-548,Perte de,Verlust von
Pierrafortscha,-4326,Perte de,Verlust von
Fislisbach,NA,NA,NA
Birr,-1312,Perte de,Verlust von
Steinhausen,-5164,Perte de,Verlust von
Ottenbach,NA,NA,NA
Obermumpf,-3125,Perte de,Verlust von
Ellikon an der Thur,NA,NA,NA
Poliez-Pittet,222,Economie de,Gewinn von
Brügg,1633,Economie de,Gewinn von
Fahrwangen,-2794,Perte de,Verlust von
Bardonnex,3983,Economie de,Gewinn von
Reute (AR),2669,Economie de,Gewinn von
Pfungen,NA,NA,NA
Rünenberg,-917,Perte de,Verlust von
Cottens (FR),-44,Perte de,Verlust von
Curtilles,493,Economie de,Gewinn von
Oberweningen,NA,NA,NA
Lachen,-4694,Perte de,Verlust von
Bellikon,NA,NA,NA
Etoy,315,Economie de,Gewinn von
Russin,3753,Economie de,Gewinn von
Hüntwangen,NA,NA,NA
Windisch,5368,Economie de,Gewinn von
Hermance,4,Economie de,Gewinn von
Kaiseraugst,-3467,Perte de,Verlust von
Bioley-Magnoux,38,Economie de,Gewinn von
Rudolfstetten-Friedlisberg,-4379,Perte de,Verlust von
Billens-Hennens,-436,Perte de,Verlust von
Dietlikon,NA,NA,NA
Künten,NA,NA,NA
Pfeffingen,5423,Economie de,Gewinn von
Toffen,12128,Economie de,Gewinn von
Ecublens (FR),-4261,Perte de,Verlust von
Lohn (SH),-247,Perte de,Verlust von
Genolier,62,Economie de,Gewinn von
Ependes (VD),5,Economie de,Gewinn von
Bussigny,3785,Economie de,Gewinn von
Buchrain,1112,Economie de,Gewinn von
Wisen (SO),5299,Economie de,Gewinn von
Founex,4173,Economie de,Gewinn von
Schluein,345,Economie de,Gewinn von
Begnins,992,Economie de,Gewinn von
Full-Reuenthal,-42,Perte de,Verlust von
Bannwil,1385,Economie de,Gewinn von
Lancy,3899,Economie de,Gewinn von
Hermenches,368,Economie de,Gewinn von
Männedorf,122,Economie de,Gewinn von
Kriechenwil,11219,Economie de,Gewinn von
Giez,4,Economie de,Gewinn von
Riniken,-2575,Perte de,Verlust von
Echarlens,-525,Perte de,Verlust von
Treiten,1925,Economie de,Gewinn von
Cornaux,-85,Perte de,Verlust von
Widnau,NA,NA,NA
Othmarsingen,-368,Perte de,Verlust von
Stetten (SH),-266,Perte de,Verlust von
Goldach,-1866,Perte de,Verlust von
Amsoldingen,1291,Economie de,Gewinn von
Presinge,429,Economie de,Gewinn von
Ropraz,54,Economie de,Gewinn von
Maschwanden,NA,NA,NA
Loveresse,9993,Economie de,Gewinn von
Kiesen,1254,Economie de,Gewinn von
Tenniken,-893,Perte de,Verlust von
Caslano,89,Economie de,Gewinn von
Au (SG),NA,NA,NA
Zuchwil,7475,Economie de,Gewinn von
Auswil,1774,Economie de,Gewinn von
Füllinsdorf,-962,Perte de,Verlust von
Avully,364,Economie de,Gewinn von
Zwingen,11297,Economie de,Gewinn von
Zielebach,1676,Economie de,Gewinn von
Frenkendorf,1387,Economie de,Gewinn von
Cheseaux-sur-Lausanne,376,Economie de,Gewinn von
Jens,1424,Economie de,Gewinn von
Drei Höfe,1489,Economie de,Gewinn von
Epalinges,444,Economie de,Gewinn von
Buttwil,NA,NA,NA
Vinelz,1516,Economie de,Gewinn von
Cuarny,53,Economie de,Gewinn von
Thörigen,173,Economie de,Gewinn von
Wallbach,-339,Perte de,Verlust von
Waltenschwil,-2946,Perte de,Verlust von
Hubersdorf,155,Economie de,Gewinn von
Luterbach,186,Economie de,Gewinn von
Lüterswil-Gächliwil,-2529,Perte de,Verlust von
Dällikon,NA,NA,NA
Steinach,-697,Perte de,Verlust von
Le Pâquier (FR),-3912,Perte de,Verlust von
Forst-Längenbühl,12736,Economie de,Gewinn von
Saint-Oyens,58,Economie de,Gewinn von
Champtauroz,355,Economie de,Gewinn von
Rottenschwil,NA,NA,NA
Unterlunkhofen,NA,NA,NA
Lohn-Ammannsegg,-5734,Perte de,Verlust von
Walterswil (SO),5448,Economie de,Gewinn von
Kesswil,-383,Perte de,Verlust von
Granges (Veveyse),-414,Perte de,Verlust von
Binningen,5354,Economie de,Gewinn von
Grimisuat,-858,Perte de,Verlust von
Pompaples,177,Economie de,Gewinn von
Kehrsatz,11717,Economie de,Gewinn von
Rorbas,NA,NA,NA
Lüterkofen-Ichertswil,4574,Economie de,Gewinn von
Vandoeuvres,4196,Economie de,Gewinn von
Uebeschi,12673,Economie de,Gewinn von
Stetten (AG),-3131,Perte de,Verlust von
Aarburg,-2477,Perte de,Verlust von
Truttikon,NA,NA,NA
Niederdorf,-832,Perte de,Verlust von
Meinisberg,1315,Economie de,Gewinn von
Trasadingen,-2429,Perte de,Verlust von
Rebstein,-148,Perte de,Verlust von
Chêne-Bougeries,4139,Economie de,Gewinn von
Ponte Capriasca,116,Economie de,Gewinn von
Tresa,NA,NA,NA
Bossonnens,-3994,Perte de,Verlust von
Bühl,1684,Economie de,Gewinn von
Wohlenschwil,NA,NA,NA
Cartigny,3768,Economie de,Gewinn von
Maracon,12,Economie de,Gewinn von
Ménières,-4618,Perte de,Verlust von
Le Grand-Saconnex,3859,Economie de,Gewinn von
Marbach (SG),-69,Perte de,Verlust von
Oeschgen,-3166,Perte de,Verlust von
Uttwil,NA,NA,NA
Novaggio,1688,Economie de,Gewinn von
Täuffelen,162,Economie de,Gewinn von
Kirchleerau,-2685,Perte de,Verlust von
Urmein,4627,Economie de,Gewinn von
Lamone,181,Economie de,Gewinn von
Niedergösgen,5479,Economie de,Gewinn von
Bachenbülach,NA,NA,NA
Crans (VD),142,Economie de,Gewinn von
Halten,NA,NA,NA
Mont-Tramelan,-1849,Perte de,Verlust von
Oberrohrdorf,-335,Perte de,Verlust von
Corsier (GE),498,Economie de,Gewinn von
Massonnens,-4282,Perte de,Verlust von
Saules (BE),9953,Economie de,Gewinn von
Démoret,43,Economie de,Gewinn von
Interlaken,-218,Perte de,Verlust von
Bercher,235,Economie de,Gewinn von
Bettwil,NA,NA,NA
Morlon,-4889,Perte de,Verlust von
Dotzigen,1479,Economie de,Gewinn von
Elfingen,NA,NA,NA
Sommeri,NA,NA,NA
Grub (AR),2394,Economie de,Gewinn von
Olsberg,NA,NA,NA
Bofflens,155,Economie de,Gewinn von
Ittigen,1273,Economie de,Gewinn von
Masein,453,Economie de,Gewinn von
Orzens,183,Economie de,Gewinn von
Villars-le-Comte,155,Economie de,Gewinn von
Schönenbuch,5368,Economie de,Gewinn von
Egolzwil,1334,Economie de,Gewinn von
Croy,272,Economie de,Gewinn von
Rüfenach,-2318,Perte de,Verlust von
Cressier (FR),-471,Perte de,Verlust von
Suscévaz,-67,Perte de,Verlust von
Biel-Benken,5344,Economie de,Gewinn von
Biezwil,-2524,Perte de,Verlust von
Duillier,1594,Economie de,Gewinn von
Wileroltigen,195,Economie de,Gewinn von
Niederried bei Interlaken,12569,Economie de,Gewinn von
Schwadernau,1416,Economie de,Gewinn von
Lampenberg,-882,Perte de,Verlust von
Laupen,11238,Economie de,Gewinn von
Abtwil,NA,NA,NA
Montpreveyres,735,Economie de,Gewinn von
Saint-Barthélemy (VD),27,Economie de,Gewinn von
Biberstein,-452,Perte de,Verlust von
Fétigny,-4635,Perte de,Verlust von
Rohrbach,1127,Economie de,Gewinn von
Koblenz,-332,Perte de,Verlust von
Corcelles-près-Concise,-51,Perte de,Verlust von
La Chaux-des-Breuleux,228,Economie de,Gewinn von
Orges,-144,Perte de,Verlust von
Schöfflisdorf,NA,NA,NA
Lavigny,52,Economie de,Gewinn von
Chavannes-le-Chêne,51,Economie de,Gewinn von
Büttenhardt,-2521,Perte de,Verlust von
Freienwil,-273,Perte de,Verlust von
Granges-Paccot,-2845,Perte de,Verlust von
Nuvilly,-4667,Perte de,Verlust von
Rütschelen,1733,Economie de,Gewinn von
Häfelfingen,-856,Perte de,Verlust von
Senarclens,13,Economie de,Gewinn von
Orpund,1377,Economie de,Gewinn von
Boppelsen,NA,NA,NA
Givrins,14,Economie de,Gewinn von
Prévonloup,36,Economie de,Gewinn von
Castaneda,-386,Perte de,Verlust von
Gravesano,1845,Economie de,Gewinn von
Bözen,NA,NA,NA
Wasterkingen,NA,NA,NA
Wiler bei Utzenstorf,1693,Economie de,Gewinn von
Cademario,153,Economie de,Gewinn von
Thônex,485,Economie de,Gewinn von
Erlach,1592,Economie de,Gewinn von
Anwil,-938,Perte de,Verlust von
Mönthal,-3184,Perte de,Verlust von
Winznau,537,Economie de,Gewinn von
Chénens,-4414,Perte de,Verlust von
Rietheim,NA,NA,NA
Bettenhausen,1752,Economie de,Gewinn von
Gunzgen,NA,NA,NA
Uttigen,1258,Economie de,Gewinn von
Astano,129,Economie de,Gewinn von
Champagne,-96,Perte de,Verlust von
Oeschenbach,169,Economie de,Gewinn von
Bournens,232,Economie de,Gewinn von
Choulex,495,Economie de,Gewinn von
Sullens,216,Economie de,Gewinn von
Aclens,2672,Economie de,Gewinn von
Seftigen,12516,Economie de,Gewinn von
Chevilly,38,Economie de,Gewinn von
Dottikon,-3966,Perte de,Verlust von
Saint-Léonard,-874,Perte de,Verlust von
Remetschwil,NA,NA,NA
Echandens,16,Economie de,Gewinn von
Penthalaz,6,Economie de,Gewinn von
Mont-sur-Rolle,3,Economie de,Gewinn von
Bettwiesen,258,Economie de,Gewinn von
Matten bei Interlaken,-1948,Perte de,Verlust von
Penthaz,46,Economie de,Gewinn von
Morges,3257,Economie de,Gewinn von
Laconnex,379,Economie de,Gewinn von
Brione sopra Minusio,1573,Economie de,Gewinn von
Schwarzhäusern,161,Economie de,Gewinn von
Aeschi (SO),16,Economie de,Gewinn von
Wislikofen,NA,NA,NA
Leutwil,-2792,Perte de,Verlust von
Bettens,239,Economie de,Gewinn von
Belprahon,154,Economie de,Gewinn von
Titterten,-87,Perte de,Verlust von
Saubraz,495,Economie de,Gewinn von
Moosleerau,-2672,Perte de,Verlust von
Allmendingen,1216,Economie de,Gewinn von
Buch (SH),-2395,Perte de,Verlust von
Bellmund,428,Economie de,Gewinn von
Evilard,1482,Economie de,Gewinn von
Trey,-154,Perte de,Verlust von
Mattstetten,-4555,Perte de,Verlust von
Etagnières,523,Economie de,Gewinn von
Seegräben,NA,NA,NA
Wettswil am Albis,NA,NA,NA
Lussery-Villars,414,Economie de,Gewinn von
Cortaillod,545,Economie de,Gewinn von
Bissone,87,Economie de,Gewinn von
Nebikon,1549,Economie de,Gewinn von
Dintikon,NA,NA,NA
Biglen,-3815,Perte de,Verlust von
Lonay,7,Economie de,Gewinn von
Schönenwerd,5397,Economie de,Gewinn von
Farnern,1338,Economie de,Gewinn von
Humlikon,NA,NA,NA
Morrens (VD),577,Economie de,Gewinn von
Nenzlingen,1126,Economie de,Gewinn von
Zullwil,3914,Economie de,Gewinn von
Chessel,1359,Economie de,Gewinn von
Obergösgen,5388,Economie de,Gewinn von
Büetigen,NA,NA,NA
Tentlingen,-426,Perte de,Verlust von
Niederglatt,NA,NA,NA
Oppens,26,Economie de,Gewinn von
Staufen,-5494,Perte de,Verlust von
Berlingen,-3448,Perte de,Verlust von
Sutz-Lattrigen,1417,Economie de,Gewinn von
Teufenthal (AG),-152,Perte de,Verlust von
Finsterhennen,156,Economie de,Gewinn von
Rebévelier,989,Economie de,Gewinn von
Seltisberg,-1515,Perte de,Verlust von
Alberswil,1297,Economie de,Gewinn von
Hirschthal,-4243,Perte de,Verlust von
Faoug,-578,Perte de,Verlust von
Montagny-près-Yverdon,-24,Perte de,Verlust von
Hendschiken,-2932,Perte de,Verlust von
Wachseldorn,12359,Economie de,Gewinn von
Vallon,-4844,Perte de,Verlust von
Stettlen,11582,Economie de,Gewinn von
Chevroux,-637,Perte de,Verlust von
Mägenwil,-365,Perte de,Verlust von
Lovatens,57,Economie de,Gewinn von
Arboldswil,-9,Perte de,Verlust von
Zuzwil (BE),-5419,Perte de,Verlust von
Uetikon am See,-297,Perte de,Verlust von
Givisiez,-4497,Perte de,Verlust von
Mies,82,Economie de,Gewinn von
Eppenberg-Wöschnau,-5462,Perte de,Verlust von
Grandevent,-35,Perte de,Verlust von
Tannay,4,Economie de,Gewinn von
Troinex,47,Economie de,Gewinn von
Boulens,21,Economie de,Gewinn von
Hermrigen,1339,Economie de,Gewinn von
Epsach,1492,Economie de,Gewinn von
Ogens,454,Economie de,Gewinn von
Hemmiken,-863,Perte de,Verlust von
Oppligen,12539,Economie de,Gewinn von
Courgevaux,-4769,Perte de,Verlust von
Inkwil,1516,Economie de,Gewinn von
Arni (AG),NA,NA,NA
Bursins,388,Economie de,Gewinn von
Recherswil,1423,Economie de,Gewinn von
Etziken,NA,NA,NA
Ursins,1,Economie de,Gewinn von
Unterengstringen,NA,NA,NA
Niederrohrdorf,-3194,Perte de,Verlust von
Kernenried,-546,Perte de,Verlust von
Niederlenz,NA,NA,NA
Ederswiler,11513,Economie de,Gewinn von
Grangettes,-4232,Perte de,Verlust von
Denens,229,Economie de,Gewinn von
Grellingen,545,Economie de,Gewinn von
Bedigliora,11,Economie de,Gewinn von
Comunanza Capriasca/Lugano,NA,NA,NA
Tägerig,-295,Perte de,Verlust von
Tschugg,1543,Economie de,Gewinn von
Gy,4117,Economie de,Gewinn von
La Tour-de-Peilz,2665,Economie de,Gewinn von
Geltwil,NA,NA,NA
Vucherens,1573,Economie de,Gewinn von
Hunzenschwil,-4395,Perte de,Verlust von
Oberlunkhofen,NA,NA,NA
Turgi,-328,Perte de,Verlust von
Brünisried,-4115,Perte de,Verlust von
Hersberg,-1562,Perte de,Verlust von
Mutrux,-144,Perte de,Verlust von
Dompierre (VD),353,Economie de,Gewinn von
Wittinsburg,-88,Perte de,Verlust von
Hausen (AG),-1422,Perte de,Verlust von
Volken,NA,NA,NA
Rovray,-37,Perte de,Verlust von
Ammerswil,-39,Perte de,Verlust von
Mülligen,-3842,Perte de,Verlust von
Boussens,192,Economie de,Gewinn von
Graben,1627,Economie de,Gewinn von
Ferreyres,1183,Economie de,Gewinn von
Mumpf,-3168,Perte de,Verlust von
Itingen,623,Economie de,Gewinn von
Bussy-sur-Moudon,358,Economie de,Gewinn von
Rothenbrunnen,4424,Economie de,Gewinn von
Le Vaud,124,Economie de,Gewinn von
Bioley-Orjulaz,NA,NA,NA
Missy,-483,Perte de,Verlust von
Lupsingen,7875,Economie de,Gewinn von
Flumenthal,1114,Economie de,Gewinn von
Chamblon,21,Economie de,Gewinn von
Rekingen (AG),NA,NA,NA
Burg im Leimental,542,Economie de,Gewinn von
Grindel,3967,Economie de,Gewinn von
Treytorrens (Payerne),414,Economie de,Gewinn von
Montcherand,-5,Perte de,Verlust von
Studen (BE),154,Economie de,Gewinn von
Walliswil bei Wangen,1514,Economie de,Gewinn von
Fischbach-Göslikon,NA,NA,NA
Häutligen,12268,Economie de,Gewinn von
Vugelles-La Mothe,-238,Perte de,Verlust von
Bussy-Chardonney,NA,NA,NA
Pura,918,Economie de,Gewinn von
Villars-sous-Yens,349,Economie de,Gewinn von
Dizy,383,Economie de,Gewinn von
Agno,164,Economie de,Gewinn von
Henggart,NA,NA,NA
Kleinbösingen,-4659,Perte de,Verlust von
Rüdtligen-Alchenflüh,-548,Perte de,Verlust von
Birrhard,-388,Perte de,Verlust von
Oberhofen am Thunersee,NA,NA,NA
Salmsach,-3855,Perte de,Verlust von
Dachsen,NA,NA,NA
Bottmingen,5347,Economie de,Gewinn von
Kallern,-2885,Perte de,Verlust von
Puplinge,477,Economie de,Gewinn von
Wauwil,129,Economie de,Gewinn von
Witterswil,3884,Economie de,Gewinn von
Luins,188,Economie de,Gewinn von
Belmont-sur-Lausanne,NA,NA,NA
Chavannes-le-Veyron,171,Economie de,Gewinn von
Freimettigen,1245,Economie de,Gewinn von
Renens (VD),2791,Economie de,Gewinn von
Soral,3829,Economie de,Gewinn von
Rümikon,NA,NA,NA
Rüschlikon,NA,NA,NA
Aire-la-Ville,379,Economie de,Gewinn von
Matran,-3627,Perte de,Verlust von
Wangenried,1465,Economie de,Gewinn von
Perroy,4,Economie de,Gewinn von
Coinsins,1345,Economie de,Gewinn von
Cugy (VD),684,Economie de,Gewinn von
Bremblens,245,Economie de,Gewinn von
Rickenbach (BL),-94,Perte de,Verlust von
Erlenbach (ZH),NA,NA,NA
Dättlikon,NA,NA,NA
Romanel-sur-Lausanne,523,Economie de,Gewinn von
Comunanza Cadenazzo/Monteceneri,NA,NA,NA
Unterentfelden,-2882,Perte de,Verlust von
Valeyres-sous-Ursins,88,Economie de,Gewinn von
Bretigny-sur-Morrens,423,Economie de,Gewinn von
Dänikon,NA,NA,NA
Diemerswil,11762,Economie de,Gewinn von
Busswil bei Melchnau,1347,Economie de,Gewinn von
Holziken,-4242,Perte de,Verlust von
Chavannes-de-Bogis,129,Economie de,Gewinn von
Ulmiz,-4739,Perte de,Verlust von
Stein (AG),-2339,Perte de,Verlust von
Mex (VD),1943,Economie de,Gewinn von
Lichtensteig,-1974,Perte de,Verlust von
Baldingen,NA,NA,NA
Büttikon,NA,NA,NA
Onex,3826,Economie de,Gewinn von
Hilterfingen,12569,Economie de,Gewinn von
Niederönz,198,Economie de,Gewinn von
Oberrieden,NA,NA,NA
Boniswil,-2883,Perte de,Verlust von
Dierikon,11169,Economie de,Gewinn von
Grens,182,Economie de,Gewinn von
Confignon,3851,Economie de,Gewinn von
Schwaderloch,NA,NA,NA
Berg (SG),-261,Perte de,Verlust von
Oetwil an der Limmat,NA,NA,NA
Rolle,257,Economie de,Gewinn von
Herbligen,12342,Economie de,Gewinn von
Boningen,NA,NA,NA
Rickenbach (SO),5525,Economie de,Gewinn von
Worben,1635,Economie de,Gewinn von
Jaberg,1258,Economie de,Gewinn von
Bäriswil,-5358,Perte de,Verlust von
Mellikon,NA,NA,NA
Féchy,2896,Economie de,Gewinn von
Carouge (GE),417,Economie de,Gewinn von
Horriwil,NA,NA,NA
Höchstetten,1642,Economie de,Gewinn von
Perly-Certoux,397,Economie de,Gewinn von
Schwerzenbach,NA,NA,NA
Widen,NA,NA,NA
Henniez,342,Economie de,Gewinn von
Allaman,391,Economie de,Gewinn von
Böbikon,NA,NA,NA
Aranno,2,Economie de,Gewinn von
Kilchberg (ZH),NA,NA,NA
Staatswald Galm,NA,NA,NA
Balerna,4288,Economie de,Gewinn von
Syens,239,Economie de,Gewinn von
Birsfelden,533,Economie de,Gewinn von
Münchenwiler,-4698,Perte de,Verlust von
Feldbrunnen-St. Niklaus,1873,Economie de,Gewinn von
Greng,-4914,Perte de,Verlust von
Feuerthalen,NA,NA,NA
Münchwilen (AG),-3243,Perte de,Verlust von
Eggenwil,NA,NA,NA
Coldrerio,1714,Economie de,Gewinn von
Zwieselberg,1398,Economie de,Gewinn von
Holderbank (AG),-3172,Perte de,Verlust von
Port,-3429,Perte de,Verlust von
Böckten,-947,Perte de,Verlust von
Bogis-Bossey,43,Economie de,Gewinn von
Wilen (TG),5916,Economie de,Gewinn von
Vico Morcote,753,Economie de,Gewinn von
Uezwil,-29,Perte de,Verlust von
Rumendingen,11288,Economie de,Gewinn von
Bottighofen,961,Economie de,Gewinn von
Killwangen,NA,NA,NA
Flurlingen,NA,NA,NA
Vevey,1438,Economie de,Gewinn von
Oekingen,NA,NA,NA
Sévery,NA,NA,NA
Eysins,486,Economie de,Gewinn von
Besenbüren,-3767,Perte de,Verlust von
Ramlinsburg,-1483,Perte de,Verlust von
Regensberg,NA,NA,NA
Manno,1616,Economie de,Gewinn von
Cottens (VD),NA,NA,NA
Ferpicloz,-4272,Perte de,Verlust von
Tecknau,-931,Perte de,Verlust von
Mettembert,1155,Economie de,Gewinn von
Mirchel,11869,Economie de,Gewinn von
Lussy-sur-Morges,196,Economie de,Gewinn von
Merzligen,1643,Economie de,Gewinn von
Clarmont,257,Economie de,Gewinn von
Rümlingen,-838,Perte de,Verlust von
Valeyres-sous-Montagny,49,Economie de,Gewinn von
Greifensee,NA,NA,NA
Morbio Inferiore,4326,Economie de,Gewinn von
Thürnen,-1519,Perte de,Verlust von
Bettingen,41,Economie de,Gewinn von
Rennaz,1472,Economie de,Gewinn von
Habsburg,-1511,Perte de,Verlust von
Mörigen,169,Economie de,Gewinn von
Rheineck,NA,NA,NA
Prilly,5624,Economie de,Gewinn von
Montet (Glâne),-4337,Perte de,Verlust von
Paradiso,825,Economie de,Gewinn von
Clavaleyres,NA,NA,NA
Brenzikofen,1239,Economie de,Gewinn von
Lac de Neuchâtel (BE),NA,NA,NA
Hallwil,-29,Perte de,Verlust von
Lavertezzo,18,Economie de,Gewinn von
Curio,172,Economie de,Gewinn von
Willadingen,-2949,Perte de,Verlust von
Chavannes-des-Bois,75,Economie de,Gewinn von
Jongny,12,Economie de,Gewinn von
Deisswil bei Münchenbuchsee,-4663,Perte de,Verlust von
Aegerten,-2825,Perte de,Verlust von
Oberengstringen,NA,NA,NA
Hauterive (NE),-239,Perte de,Verlust von
Chexbres,914,Economie de,Gewinn von
Vufflens-le-Château,15,Economie de,Gewinn von
Ennetbaden,-3331,Perte de,Verlust von
Chêne-Pâquier,359,Economie de,Gewinn von
Scheuren,1481,Economie de,Gewinn von
Vaux-sur-Morges,623,Economie de,Gewinn von
Buchillon,7,Economie de,Gewinn von
Treycovagnes,19,Economie de,Gewinn von
Origlio,1826,Economie de,Gewinn von
Bremgarten bei Bern,12315,Economie de,Gewinn von
Ipsach,1518,Economie de,Gewinn von
Comano,16,Economie de,Gewinn von
Novalles,-147,Perte de,Verlust von
Rossemaison,11688,Economie de,Gewinn von
Kaufdorf,1239,Economie de,Gewinn von
Lully (VD),158,Economie de,Gewinn von
Châtel-sur-Montsalvens,-4841,Perte de,Verlust von
Chapelle (Glâne),-4166,Perte de,Verlust von
Rongellen,NA,NA,NA
Reisiswil,1663,Economie de,Gewinn von
Rueyres,436,Economie de,Gewinn von
Tübach,-4696,Perte de,Verlust von
Borex,12,Economie de,Gewinn von
Chippis,-812,Perte de,Verlust von
Bedano,1757,Economie de,Gewinn von
Préverenges,449,Economie de,Gewinn von
Langendorf,4678,Economie de,Gewinn von
Orselina,1516,Economie de,Gewinn von
Jouxtens-Mézery,57,Economie de,Gewinn von
Rossenges,368,Economie de,Gewinn von
Geroldswil,NA,NA,NA
Auboranges,-4174,Perte de,Verlust von
Gisikon,11338,Economie de,Gewinn von
Corseaux,115,Economie de,Gewinn von
Coppet,13,Economie de,Gewinn von
Gurbrü,1715,Economie de,Gewinn von
Saint-Sulpice (VD),4539,Economie de,Gewinn von
Gerlafingen,1288,Economie de,Gewinn von
Meyriez,-1619,Perte de,Verlust von
Starrkirch-Wil,556,Economie de,Gewinn von
Bursinel,74,Economie de,Gewinn von
Hagneck,1672,Economie de,Gewinn von
Horn,-3372,Perte de,Verlust von
Prévondavaux,-442,Perte de,Verlust von
Crésuz,-488,Perte de,Verlust von
Bättwil,385,Economie de,Gewinn von
Rorschach,-46,Perte de,Verlust von
Ligerz,9956,Economie de,Gewinn von
Bougy-Villars,2866,Economie de,Gewinn von
Romanel-sur-Morges,241,Economie de,Gewinn von
Magliaso,1465,Economie de,Gewinn von
Nusshof,-15,Perte de,Verlust von
Muzzano,891,Economie de,Gewinn von
Gempenach,NA,NA,NA
Islisberg,NA,NA,NA
Essertes,NA,NA,NA
Denges,436,Economie de,Gewinn von
Augst,-1726,Perte de,Verlust von
Dully,-142,Perte de,Verlust von
Unterramsern,-4633,Perte de,Verlust von
Villars-Sainte-Croix,348,Economie de,Gewinn von
Chavannes-près-Renens,1594,Economie de,Gewinn von
Vacallo,4327,Economie de,Gewinn von
Kilchberg (BL),-843,Perte de,Verlust von
Tolochenaz,2795,Economie de,Gewinn von
Hüttikon,NA,NA,NA
Rickenbach (TG),-992,Perte de,Verlust von
Porza,287,Economie de,Gewinn von
Brunegg,-3116,Perte de,Verlust von
Vich,155,Economie de,Gewinn von
Maroggia,-1182,Perte de,Verlust von
Obergerlafingen,1542,Economie de,Gewinn von
Vernate,95,Economie de,Gewinn von
Nidau,396,Economie de,Gewinn von
Fehren,3939,Economie de,Gewinn von
Walliswil bei Niederbipp,1926,Economie de,Gewinn von
Wiggiswil,-462,Perte de,Verlust von
Sergey,NA,NA,NA
Lutzenberg,277,Economie de,Gewinn von
Diepflingen,-823,Perte de,Verlust von
Villarsel-sur-Marly,-4256,Perte de,Verlust von
Vezia,1817,Economie de,Gewinn von
Giebenach,-1582,Perte de,Verlust von
Fürstenau,4736,Economie de,Gewinn von
Dozwil,-2876,Perte de,Verlust von
Lalden,744,Economie de,Gewinn von
Rüti bei Lyssach,196,Economie de,Gewinn von
Chêne-Bourg,447,Economie de,Gewinn von
Châtillon (FR),-4821,Perte de,Verlust von
Canobbio,213,Economie de,Gewinn von
Honau,115,Economie de,Gewinn von
Reverolle,NA,NA,NA
Gottlieben,NA,NA,NA
Kaiserstuhl,NA,NA,NA
Wiliberg,-4134,Perte de,Verlust von
Leimbach (AG),-2732,Perte de,Verlust von
Veysonnaz,-748,Perte de,Verlust von
Kriegstetten,1357,Economie de,Gewinn von
Vinzel,314,Economie de,Gewinn von
Tartegnin,526,Economie de,Gewinn von
Hüniken,NA,NA,NA
Cureglia,197,Economie de,Gewinn von
Kammersrohr,181,Economie de,Gewinn von
Burg (AG),-265,Perte de,Verlust von
Neggio,945,Economie de,Gewinn von
Chigny,1336,Economie de,Gewinn von
Saint-Saphorin (Lavaux),124,Economie de,Gewinn von
Villars-Epeney,-247,Perte de,Verlust von
Sorengo,826,Economie de,Gewinn von
Muralto,3197,Economie de,Gewinn von
Cadempino,1948,Economie de,Gewinn von
Massagno,-2235,Perte de,Verlust von
Savosa,1754,Economie de,Gewinn von
Meienried,1954,Economie de,Gewinn von
Grancia,853,Economie de,Gewinn von
Bielersee (NE),NA,NA,NA
Mauraz,41,Economie de,Gewinn von
Paudex,NA,NA,NA
Rivaz,85,Economie de,Gewinn von
